STR,RES,import,dom,kuro,mark1,mark2,iprice,dprice,kprice
101,0,1,0,0,0,0,98,0,0
101,1,0,1,0,0,0,0,230,0
101,0,0,0,1,1,0,0,0,458
101,0,0,0,0,0,0,0,0,0
102,0,1,0,0,0,0,176,0,0
102,1,0,1,0,0,0,0,162,0
102,0,0,0,1,0,1,0,0,344
102,0,0,0,0,0,0,0,0,0
103,0,1,0,0,0,0,124,0,0
103,1,0,1,0,0,0,0,162,0
103,0,0,0,1,0,0,0,0,268
103,0,0,0,0,0,0,0,0,0
104,0,1,0,0,0,0,228,0,0
104,1,0,1,0,0,0,0,196,0
104,0,0,0,1,1,0,0,0,306
104,0,0,0,0,0,0,0,0,0
105,0,1,0,0,0,0,150,0,0
105,1,0,1,0,0,0,0,230,0
105,0,0,0,1,0,1,0,0,420
105,0,0,0,0,0,0,0,0,0
106,1,1,0,0,0,0,98,0,0
106,0,0,1,0,0,0,0,264,0
106,0,0,0,1,0,0,0,0,382
106,0,0,0,0,0,0,0,0,0
107,0,1,0,0,0,0,150,0,0
107,1,0,1,0,0,0,0,128,0
107,0,0,0,1,1,0,0,0,344
107,0,0,0,0,0,0,0,0,0
108,0,1,0,0,0,0,202,0,0
108,1,0,1,0,0,0,0,298,0
108,0,0,0,1,0,1,0,0,458
108,0,0,0,0,0,0,0,0,0
109,1,1,0,0,0,0,124,0,0
109,0,0,1,0,0,0,0,196,0
109,0,0,0,1,0,0,0,0,420
109,0,0,0,0,0,0,0,0,0
201,0,1,0,0,0,0,98,0,0
201,1,0,1,0,0,0,0,230,0
201,0,0,0,1,1,0,0,0,458
201,0,0,0,0,0,0,0,0,0
202,0,1,0,0,0,0,176,0,0
202,1,0,1,0,0,0,0,162,0
202,0,0,0,1,0,1,0,0,344
202,0,0,0,0,0,0,0,0,0
203,0,1,0,0,0,0,124,0,0
203,0,0,1,0,0,0,0,162,0
203,1,0,0,1,0,0,0,0,268
203,0,0,0,0,0,0,0,0,0
204,0,1,0,0,0,0,228,0,0
204,1,0,1,0,0,0,0,196,0
204,0,0,0,1,1,0,0,0,306
204,0,0,0,0,0,0,0,0,0
205,0,1,0,0,0,0,150,0,0
205,1,0,1,0,0,0,0,230,0
205,0,0,0,1,0,1,0,0,420
205,0,0,0,0,0,0,0,0,0
206,0,1,0,0,0,0,98,0,0
206,0,0,1,0,0,0,0,264,0
206,1,0,0,1,0,0,0,0,382
206,0,0,0,0,0,0,0,0,0
207,0,1,0,0,0,0,150,0,0
207,1,0,1,0,0,0,0,128,0
207,0,0,0,1,1,0,0,0,344
207,0,0,0,0,0,0,0,0,0
208,0,1,0,0,0,0,202,0,0
208,1,0,1,0,0,0,0,298,0
208,0,0,0,1,0,1,0,0,458
208,0,0,0,0,0,0,0,0,0
209,0,1,0,0,0,0,124,0,0
209,1,0,1,0,0,0,0,196,0
209,0,0,0,1,0,0,0,0,420
209,0,0,0,0,0,0,0,0,0
301,1,1,0,0,0,0,98,0,0
301,0,0,1,0,0,0,0,230,0
301,0,0,0,1,1,0,0,0,458
301,0,0,0,0,0,0,0,0,0
302,0,1,0,0,0,0,176,0,0
302,0,0,1,0,0,0,0,162,0
302,0,0,0,1,0,1,0,0,344
302,1,0,0,0,0,0,0,0,0
303,0,1,0,0,0,0,124,0,0
303,0,0,1,0,0,0,0,162,0
303,0,0,0,1,0,0,0,0,268
303,1,0,0,0,0,0,0,0,0
304,0,1,0,0,0,0,228,0,0
304,0,0,1,0,0,0,0,196,0
304,0,0,0,1,1,0,0,0,306
304,1,0,0,0,0,0,0,0,0
305,0,1,0,0,0,0,150,0,0
305,0,0,1,0,0,0,0,230,0
305,0,0,0,1,0,1,0,0,420
305,1,0,0,0,0,0,0,0,0
306,1,1,0,0,0,0,98,0,0
306,0,0,1,0,0,0,0,264,0
306,0,0,0,1,0,0,0,0,382
306,0,0,0,0,0,0,0,0,0
307,0,1,0,0,0,0,150,0,0
307,0,0,1,0,0,0,0,128,0
307,0,0,0,1,1,0,0,0,344
307,1,0,0,0,0,0,0,0,0
308,0,1,0,0,0,0,202,0,0
308,0,0,1,0,0,0,0,298,0
308,0,0,0,1,0,1,0,0,458
308,1,0,0,0,0,0,0,0,0
309,0,1,0,0,0,0,124,0,0
309,0,0,1,0,0,0,0,196,0
309,0,0,0,1,0,0,0,0,420
309,1,0,0,0,0,0,0,0,0
401,0,1,0,0,0,0,98,0,0
401,0,0,1,0,0,0,0,230,0
401,1,0,0,1,1,0,0,0,458
401,0,0,0,0,0,0,0,0,0
402,0,1,0,0,0,0,176,0,0
402,0,0,1,0,0,0,0,162,0
402,1,0,0,1,0,1,0,0,344
402,0,0,0,0,0,0,0,0,0
403,0,1,0,0,0,0,124,0,0
403,0,0,1,0,0,0,0,162,0
403,1,0,0,1,0,0,0,0,268
403,0,0,0,0,0,0,0,0,0
404,0,1,0,0,0,0,228,0,0
404,0,0,1,0,0,0,0,196,0
404,1,0,0,1,1,0,0,0,306
404,0,0,0,0,0,0,0,0,0
405,0,1,0,0,0,0,150,0,0
405,0,0,1,0,0,0,0,230,0
405,1,0,0,1,0,1,0,0,420
405,0,0,0,0,0,0,0,0,0
406,0,1,0,0,0,0,98,0,0
406,0,0,1,0,0,0,0,264,0
406,1,0,0,1,0,0,0,0,382
406,0,0,0,0,0,0,0,0,0
407,0,1,0,0,0,0,150,0,0
407,0,0,1,0,0,0,0,128,0
407,1,0,0,1,1,0,0,0,344
407,0,0,0,0,0,0,0,0,0
408,0,1,0,0,0,0,202,0,0
408,1,0,1,0,0,0,0,298,0
408,0,0,0,1,0,1,0,0,458
408,0,0,0,0,0,0,0,0,0
409,0,1,0,0,0,0,124,0,0
409,0,0,1,0,0,0,0,196,0
409,1,0,0,1,0,0,0,0,420
409,0,0,0,0,0,0,0,0,0
501,1,1,0,0,0,0,98,0,0
501,0,0,1,0,0,0,0,230,0
501,0,0,0,1,1,0,0,0,458
501,0,0,0,0,0,0,0,0,0
502,0,1,0,0,0,0,176,0,0
502,1,0,1,0,0,0,0,162,0
502,0,0,0,1,0,1,0,0,344
502,0,0,0,0,0,0,0,0,0
503,1,1,0,0,0,0,124,0,0
503,0,0,1,0,0,0,0,162,0
503,0,0,0,1,0,0,0,0,268
503,0,0,0,0,0,0,0,0,0
504,0,1,0,0,0,0,228,0,0
504,1,0,1,0,0,0,0,196,0
504,0,0,0,1,1,0,0,0,306
504,0,0,0,0,0,0,0,0,0
505,1,1,0,0,0,0,150,0,0
505,0,0,1,0,0,0,0,230,0
505,0,0,0,1,0,1,0,0,420
505,0,0,0,0,0,0,0,0,0
506,1,1,0,0,0,0,98,0,0
506,0,0,1,0,0,0,0,264,0
506,0,0,0,1,0,0,0,0,382
506,0,0,0,0,0,0,0,0,0
507,0,1,0,0,0,0,150,0,0
507,1,0,1,0,0,0,0,128,0
507,0,0,0,1,1,0,0,0,344
507,0,0,0,0,0,0,0,0,0
508,1,1,0,0,0,0,202,0,0
508,0,0,1,0,0,0,0,298,0
508,0,0,0,1,0,1,0,0,458
508,0,0,0,0,0,0,0,0,0
509,1,1,0,0,0,0,124,0,0
509,0,0,1,0,0,0,0,196,0
509,0,0,0,1,0,0,0,0,420
509,0,0,0,0,0,0,0,0,0
601,0,1,0,0,0,0,98,0,0
601,1,0,1,0,0,0,0,230,0
601,0,0,0,1,1,0,0,0,458
601,0,0,0,0,0,0,0,0,0
602,0,1,0,0,0,0,176,0,0
602,1,0,1,0,0,0,0,162,0
602,0,0,0,1,0,1,0,0,344
602,0,0,0,0,0,0,0,0,0
603,0,1,0,0,0,0,124,0,0
603,0,0,1,0,0,0,0,162,0
603,1,0,0,1,0,0,0,0,268
603,0,0,0,0,0,0,0,0,0
604,0,1,0,0,0,0,228,0,0
604,0,0,1,0,0,0,0,196,0
604,1,0,0,1,1,0,0,0,306
604,0,0,0,0,0,0,0,0,0
605,0,1,0,0,0,0,150,0,0
605,1,0,1,0,0,0,0,230,0
605,0,0,0,1,0,1,0,0,420
605,0,0,0,0,0,0,0,0,0
606,0,1,0,0,0,0,98,0,0
606,0,0,1,0,0,0,0,264,0
606,1,0,0,1,0,0,0,0,382
606,0,0,0,0,0,0,0,0,0
607,0,1,0,0,0,0,150,0,0
607,1,0,1,0,0,0,0,128,0
607,0,0,0,1,1,0,0,0,344
607,0,0,0,0,0,0,0,0,0
608,0,1,0,0,0,0,202,0,0
608,1,0,1,0,0,0,0,298,0
608,0,0,0,1,0,1,0,0,458
608,0,0,0,0,0,0,0,0,0
609,0,1,0,0,0,0,124,0,0
609,1,0,1,0,0,0,0,196,0
609,0,0,0,1,0,0,0,0,420
609,0,0,0,0,0,0,0,0,0
701,0,1,0,0,0,0,98,0,0
701,1,0,1,0,0,0,0,230,0
701,0,0,0,1,1,0,0,0,458
701,0,0,0,0,0,0,0,0,0
702,0,1,0,0,0,0,176,0,0
702,1,0,1,0,0,0,0,162,0
702,0,0,0,1,0,1,0,0,344
702,0,0,0,0,0,0,0,0,0
703,0,1,0,0,0,0,124,0,0
703,0,0,1,0,0,0,0,162,0
703,1,0,0,1,0,0,0,0,268
703,0,0,0,0,0,0,0,0,0
704,0,1,0,0,0,0,228,0,0
704,0,0,1,0,0,0,0,196,0
704,1,0,0,1,1,0,0,0,306
704,0,0,0,0,0,0,0,0,0
705,0,1,0,0,0,0,150,0,0
705,1,0,1,0,0,0,0,230,0
705,0,0,0,1,0,1,0,0,420
705,0,0,0,0,0,0,0,0,0
706,0,1,0,0,0,0,98,0,0
706,1,0,1,0,0,0,0,264,0
706,0,0,0,1,0,0,0,0,382
706,0,0,0,0,0,0,0,0,0
707,0,1,0,0,0,0,150,0,0
707,1,0,1,0,0,0,0,128,0
707,0,0,0,1,1,0,0,0,344
707,0,0,0,0,0,0,0,0,0
708,0,1,0,0,0,0,202,0,0
708,1,0,1,0,0,0,0,298,0
708,0,0,0,1,0,1,0,0,458
708,0,0,0,0,0,0,0,0,0
709,0,1,0,0,0,0,124,0,0
709,1,0,1,0,0,0,0,196,0
709,0,0,0,1,0,0,0,0,420
709,0,0,0,0,0,0,0,0,0
801,0,1,0,0,0,0,98,0,0
801,0,0,1,0,0,0,0,230,0
801,1,0,0,1,1,0,0,0,458
801,0,0,0,0,0,0,0,0,0
802,0,1,0,0,0,0,176,0,0
802,0,0,1,0,0,0,0,162,0
802,1,0,0,1,0,1,0,0,344
802,0,0,0,0,0,0,0,0,0
803,0,1,0,0,0,0,124,0,0
803,0,0,1,0,0,0,0,162,0
803,1,0,0,1,0,0,0,0,268
803,0,0,0,0,0,0,0,0,0
804,0,1,0,0,0,0,228,0,0
804,0,0,1,0,0,0,0,196,0
804,1,0,0,1,1,0,0,0,306
804,0,0,0,0,0,0,0,0,0
805,0,1,0,0,0,0,150,0,0
805,0,0,1,0,0,0,0,230,0
805,1,0,0,1,0,1,0,0,420
805,0,0,0,0,0,0,0,0,0
806,0,1,0,0,0,0,98,0,0
806,0,0,1,0,0,0,0,264,0
806,1,0,0,1,0,0,0,0,382
806,0,0,0,0,0,0,0,0,0
807,0,1,0,0,0,0,150,0,0
807,0,0,1,0,0,0,0,128,0
807,1,0,0,1,1,0,0,0,344
807,0,0,0,0,0,0,0,0,0
808,0,1,0,0,0,0,202,0,0
808,0,0,1,0,0,0,0,298,0
808,1,0,0,1,0,1,0,0,458
808,0,0,0,0,0,0,0,0,0
809,0,1,0,0,0,0,124,0,0
809,0,0,1,0,0,0,0,196,0
809,1,0,0,1,0,0,0,0,420
809,0,0,0,0,0,0,0,0,0
901,0,1,0,0,0,0,98,0,0
901,1,0,1,0,0,0,0,230,0
901,0,0,0,1,1,0,0,0,458
901,0,0,0,0,0,0,0,0,0
902,0,1,0,0,0,0,176,0,0
902,1,0,1,0,0,0,0,162,0
902,0,0,0,1,0,1,0,0,344
902,0,0,0,0,0,0,0,0,0
903,0,1,0,0,0,0,124,0,0
903,0,0,1,0,0,0,0,162,0
903,1,0,0,1,0,0,0,0,268
903,0,0,0,0,0,0,0,0,0
904,0,1,0,0,0,0,228,0,0
904,1,0,1,0,0,0,0,196,0
904,0,0,0,1,1,0,0,0,306
904,0,0,0,0,0,0,0,0,0
905,0,1,0,0,0,0,150,0,0
905,1,0,1,0,0,0,0,230,0
905,0,0,0,1,0,1,0,0,420
905,0,0,0,0,0,0,0,0,0
906,1,1,0,0,0,0,98,0,0
906,0,0,1,0,0,0,0,264,0
906,0,0,0,1,0,0,0,0,382
906,0,0,0,0,0,0,0,0,0
907,0,1,0,0,0,0,150,0,0
907,1,0,1,0,0,0,0,128,0
907,0,0,0,1,1,0,0,0,344
907,0,0,0,0,0,0,0,0,0
908,0,1,0,0,0,0,202,0,0
908,1,0,1,0,0,0,0,298,0
908,0,0,0,1,0,1,0,0,458
908,0,0,0,0,0,0,0,0,0
909,1,1,0,0,0,0,124,0,0
909,0,0,1,0,0,0,0,196,0
909,0,0,0,1,0,0,0,0,420
909,0,0,0,0,0,0,0,0,0
1001,1,1,0,0,0,0,98,0,0
1001,0,0,1,0,0,0,0,230,0
1001,0,0,0,1,1,0,0,0,458
1001,0,0,0,0,0,0,0,0,0
1002,0,1,0,0,0,0,176,0,0
1002,1,0,1,0,0,0,0,162,0
1002,0,0,0,1,0,1,0,0,344
1002,0,0,0,0,0,0,0,0,0
1003,1,1,0,0,0,0,124,0,0
1003,0,0,1,0,0,0,0,162,0
1003,0,0,0,1,0,0,0,0,268
1003,0,0,0,0,0,0,0,0,0
1004,0,1,0,0,0,0,228,0,0
1004,1,0,1,0,0,0,0,196,0
1004,0,0,0,1,1,0,0,0,306
1004,0,0,0,0,0,0,0,0,0
1005,1,1,0,0,0,0,150,0,0
1005,0,0,1,0,0,0,0,230,0
1005,0,0,0,1,0,1,0,0,420
1005,0,0,0,0,0,0,0,0,0
1006,1,1,0,0,0,0,98,0,0
1006,0,0,1,0,0,0,0,264,0
1006,0,0,0,1,0,0,0,0,382
1006,0,0,0,0,0,0,0,0,0
1007,0,1,0,0,0,0,150,0,0
1007,1,0,1,0,0,0,0,128,0
1007,0,0,0,1,1,0,0,0,344
1007,0,0,0,0,0,0,0,0,0
1008,0,1,0,0,0,0,202,0,0
1008,1,0,1,0,0,0,0,298,0
1008,0,0,0,1,0,1,0,0,458
1008,0,0,0,0,0,0,0,0,0
1009,1,1,0,0,0,0,124,0,0
1009,0,0,1,0,0,0,0,196,0
1009,0,0,0,1,0,0,0,0,420
1009,0,0,0,0,0,0,0,0,0
1101,0,1,0,0,0,0,98,0,0
1101,1,0,1,0,0,0,0,230,0
1101,0,0,0,1,1,0,0,0,458
1101,0,0,0,0,0,0,0,0,0
1102,0,1,0,0,0,0,176,0,0
1102,1,0,1,0,0,0,0,162,0
1102,0,0,0,1,0,1,0,0,344
1102,0,0,0,0,0,0,0,0,0
1103,0,1,0,0,0,0,124,0,0
1103,1,0,1,0,0,0,0,162,0
1103,0,0,0,1,0,0,0,0,268
1103,0,0,0,0,0,0,0,0,0
1104,0,1,0,0,0,0,228,0,0
1104,1,0,1,0,0,0,0,196,0
1104,0,0,0,1,1,0,0,0,306
1104,0,0,0,0,0,0,0,0,0
1105,0,1,0,0,0,0,150,0,0
1105,1,0,1,0,0,0,0,230,0
1105,0,0,0,1,0,1,0,0,420
1105,0,0,0,0,0,0,0,0,0
1106,0,1,0,0,0,0,98,0,0
1106,1,0,1,0,0,0,0,264,0
1106,0,0,0,1,0,0,0,0,382
1106,0,0,0,0,0,0,0,0,0
1107,0,1,0,0,0,0,150,0,0
1107,1,0,1,0,0,0,0,128,0
1107,0,0,0,1,1,0,0,0,344
1107,0,0,0,0,0,0,0,0,0
1108,1,1,0,0,0,0,202,0,0
1108,0,0,1,0,0,0,0,298,0
1108,0,0,0,1,0,1,0,0,458
1108,0,0,0,0,0,0,0,0,0
1109,0,1,0,0,0,0,124,0,0
1109,1,0,1,0,0,0,0,196,0
1109,0,0,0,1,0,0,0,0,420
1109,0,0,0,0,0,0,0,0,0
1201,0,1,0,0,0,0,98,0,0
1201,0,0,1,0,0,0,0,230,0
1201,1,0,0,1,1,0,0,0,458
1201,0,0,0,0,0,0,0,0,0
1202,0,1,0,0,0,0,176,0,0
1202,1,0,1,0,0,0,0,162,0
1202,0,0,0,1,0,1,0,0,344
1202,0,0,0,0,0,0,0,0,0
1203,0,1,0,0,0,0,124,0,0
1203,1,0,1,0,0,0,0,162,0
1203,0,0,0,1,0,0,0,0,268
1203,0,0,0,0,0,0,0,0,0
1204,0,1,0,0,0,0,228,0,0
1204,0,0,1,0,0,0,0,196,0
1204,1,0,0,1,1,0,0,0,306
1204,0,0,0,0,0,0,0,0,0
1205,0,1,0,0,0,0,150,0,0
1205,1,0,1,0,0,0,0,230,0
1205,0,0,0,1,0,1,0,0,420
1205,0,0,0,0,0,0,0,0,0
1206,0,1,0,0,0,0,98,0,0
1206,1,0,1,0,0,0,0,264,0
1206,0,0,0,1,0,0,0,0,382
1206,0,0,0,0,0,0,0,0,0
1207,0,1,0,0,0,0,150,0,0
1207,1,0,1,0,0,0,0,128,0
1207,0,0,0,1,1,0,0,0,344
1207,0,0,0,0,0,0,0,0,0
1208,0,1,0,0,0,0,202,0,0
1208,1,0,1,0,0,0,0,298,0
1208,0,0,0,1,0,1,0,0,458
1208,0,0,0,0,0,0,0,0,0
1209,0,1,0,0,0,0,124,0,0
1209,1,0,1,0,0,0,0,196,0
1209,0,0,0,1,0,0,0,0,420
1209,0,0,0,0,0,0,0,0,0
1301,0,1,0,0,0,0,98,0,0
1301,0,0,1,0,0,0,0,230,0
1301,1,0,0,1,1,0,0,0,458
1301,0,0,0,0,0,0,0,0,0
1302,0,1,0,0,0,0,176,0,0
1302,0,0,1,0,0,0,0,162,0
1302,1,0,0,1,0,1,0,0,344
1302,0,0,0,0,0,0,0,0,0
1303,0,1,0,0,0,0,124,0,0
1303,0,0,1,0,0,0,0,162,0
1303,0,0,0,1,0,0,0,0,268
1303,1,0,0,0,0,0,0,0,0
1304,0,1,0,0,0,0,228,0,0
1304,0,0,1,0,0,0,0,196,0
1304,1,0,0,1,1,0,0,0,306
1304,0,0,0,0,0,0,0,0,0
1305,0,1,0,0,0,0,150,0,0
1305,0,0,1,0,0,0,0,230,0
1305,0,0,0,1,0,1,0,0,420
1305,1,0,0,0,0,0,0,0,0
1306,0,1,0,0,0,0,98,0,0
1306,0,0,1,0,0,0,0,264,0
1306,0,0,0,1,0,0,0,0,382
1306,1,0,0,0,0,0,0,0,0
1307,0,1,0,0,0,0,150,0,0
1307,0,0,1,0,0,0,0,128,0
1307,1,0,0,1,1,0,0,0,344
1307,0,0,0,0,0,0,0,0,0
1308,0,1,0,0,0,0,202,0,0
1308,0,0,1,0,0,0,0,298,0
1308,0,0,0,1,0,1,0,0,458
1308,1,0,0,0,0,0,0,0,0
1309,0,1,0,0,0,0,124,0,0
1309,0,0,1,0,0,0,0,196,0
1309,0,0,0,1,0,0,0,0,420
1309,1,0,0,0,0,0,0,0,0
1401,1,1,0,0,0,0,98,0,0
1401,0,0,1,0,0,0,0,230,0
1401,0,0,0,1,1,0,0,0,458
1401,0,0,0,0,0,0,0,0,0
1402,1,1,0,0,0,0,176,0,0
1402,0,0,1,0,0,0,0,162,0
1402,0,0,0,1,0,1,0,0,344
1402,0,0,0,0,0,0,0,0,0
1403,1,1,0,0,0,0,124,0,0
1403,0,0,1,0,0,0,0,162,0
1403,0,0,0,1,0,0,0,0,268
1403,0,0,0,0,0,0,0,0,0
1404,1,1,0,0,0,0,228,0,0
1404,0,0,1,0,0,0,0,196,0
1404,0,0,0,1,1,0,0,0,306
1404,0,0,0,0,0,0,0,0,0
1405,1,1,0,0,0,0,150,0,0
1405,0,0,1,0,0,0,0,230,0
1405,0,0,0,1,0,1,0,0,420
1405,0,0,0,0,0,0,0,0,0
1406,1,1,0,0,0,0,98,0,0
1406,0,0,1,0,0,0,0,264,0
1406,0,0,0,1,0,0,0,0,382
1406,0,0,0,0,0,0,0,0,0
1407,1,1,0,0,0,0,150,0,0
1407,0,0,1,0,0,0,0,128,0
1407,0,0,0,1,1,0,0,0,344
1407,0,0,0,0,0,0,0,0,0
1408,1,1,0,0,0,0,202,0,0
1408,0,0,1,0,0,0,0,298,0
1408,0,0,0,1,0,1,0,0,458
1408,0,0,0,0,0,0,0,0,0
1409,1,1,0,0,0,0,124,0,0
1409,0,0,1,0,0,0,0,196,0
1409,0,0,0,1,0,0,0,0,420
1409,0,0,0,0,0,0,0,0,0
1501,0,1,0,0,0,0,98,0,0
1501,1,0,1,0,0,0,0,230,0
1501,0,0,0,1,1,0,0,0,458
1501,0,0,0,0,0,0,0,0,0
1502,0,1,0,0,0,0,176,0,0
1502,0,0,1,0,0,0,0,162,0
1502,1,0,0,1,0,1,0,0,344
1502,0,0,0,0,0,0,0,0,0
1503,0,1,0,0,0,0,124,0,0
1503,0,0,1,0,0,0,0,162,0
1503,1,0,0,1,0,0,0,0,268
1503,0,0,0,0,0,0,0,0,0
1504,0,1,0,0,0,0,228,0,0
1504,0,0,1,0,0,0,0,196,0
1504,1,0,0,1,1,0,0,0,306
1504,0,0,0,0,0,0,0,0,0
1505,0,1,0,0,0,0,150,0,0
1505,1,0,1,0,0,0,0,230,0
1505,0,0,0,1,0,1,0,0,420
1505,0,0,0,0,0,0,0,0,0
1506,0,1,0,0,0,0,98,0,0
1506,0,0,1,0,0,0,0,264,0
1506,1,0,0,1,0,0,0,0,382
1506,0,0,0,0,0,0,0,0,0
1507,0,1,0,0,0,0,150,0,0
1507,0,0,1,0,0,0,0,128,0
1507,1,0,0,1,1,0,0,0,344
1507,0,0,0,0,0,0,0,0,0
1508,0,1,0,0,0,0,202,0,0
1508,1,0,1,0,0,0,0,298,0
1508,0,0,0,1,0,1,0,0,458
1508,0,0,0,0,0,0,0,0,0
1509,0,1,0,0,0,0,124,0,0
1509,1,0,1,0,0,0,0,196,0
1509,0,0,0,1,0,0,0,0,420
1509,0,0,0,0,0,0,0,0,0
1601,1,1,0,0,0,0,98,0,0
1601,0,0,1,0,0,0,0,230,0
1601,0,0,0,1,1,0,0,0,458
1601,0,0,0,0,0,0,0,0,0
1602,0,1,0,0,0,0,176,0,0
1602,1,0,1,0,0,0,0,162,0
1602,0,0,0,1,0,1,0,0,344
1602,0,0,0,0,0,0,0,0,0
1603,1,1,0,0,0,0,124,0,0
1603,0,0,1,0,0,0,0,162,0
1603,0,0,0,1,0,0,0,0,268
1603,0,0,0,0,0,0,0,0,0
1604,0,1,0,0,0,0,228,0,0
1604,1,0,1,0,0,0,0,196,0
1604,0,0,0,1,1,0,0,0,306
1604,0,0,0,0,0,0,0,0,0
1605,1,1,0,0,0,0,150,0,0
1605,0,0,1,0,0,0,0,230,0
1605,0,0,0,1,0,1,0,0,420
1605,0,0,0,0,0,0,0,0,0
1606,1,1,0,0,0,0,98,0,0
1606,0,0,1,0,0,0,0,264,0
1606,0,0,0,1,0,0,0,0,382
1606,0,0,0,0,0,0,0,0,0
1607,0,1,0,0,0,0,150,0,0
1607,1,0,1,0,0,0,0,128,0
1607,0,0,0,1,1,0,0,0,344
1607,0,0,0,0,0,0,0,0,0
1608,1,1,0,0,0,0,202,0,0
1608,0,0,1,0,0,0,0,298,0
1608,0,0,0,1,0,1,0,0,458
1608,0,0,0,0,0,0,0,0,0
1609,1,1,0,0,0,0,124,0,0
1609,0,0,1,0,0,0,0,196,0
1609,0,0,0,1,0,0,0,0,420
1609,0,0,0,0,0,0,0,0,0
1701,0,1,0,0,0,0,98,0,0
1701,1,0,1,0,0,0,0,230,0
1701,0,0,0,1,1,0,0,0,458
1701,0,0,0,0,0,0,0,0,0
1702,0,1,0,0,0,0,176,0,0
1702,1,0,1,0,0,0,0,162,0
1702,0,0,0,1,0,1,0,0,344
1702,0,0,0,0,0,0,0,0,0
1703,0,1,0,0,0,0,124,0,0
1703,0,0,1,0,0,0,0,162,0
1703,1,0,0,1,0,0,0,0,268
1703,0,0,0,0,0,0,0,0,0
1704,0,1,0,0,0,0,228,0,0
1704,0,0,1,0,0,0,0,196,0
1704,1,0,0,1,1,0,0,0,306
1704,0,0,0,0,0,0,0,0,0
1705,0,1,0,0,0,0,150,0,0
1705,1,0,1,0,0,0,0,230,0
1705,0,0,0,1,0,1,0,0,420
1705,0,0,0,0,0,0,0,0,0
1706,0,1,0,0,0,0,98,0,0
1706,1,0,1,0,0,0,0,264,0
1706,0,0,0,1,0,0,0,0,382
1706,0,0,0,0,0,0,0,0,0
1707,0,1,0,0,0,0,150,0,0
1707,1,0,1,0,0,0,0,128,0
1707,0,0,0,1,1,0,0,0,344
1707,0,0,0,0,0,0,0,0,0
1708,0,1,0,0,0,0,202,0,0
1708,1,0,1,0,0,0,0,298,0
1708,0,0,0,1,0,1,0,0,458
1708,0,0,0,0,0,0,0,0,0
1709,0,1,0,0,0,0,124,0,0
1709,1,0,1,0,0,0,0,196,0
1709,0,0,0,1,0,0,0,0,420
1709,0,0,0,0,0,0,0,0,0
1801,0,1,0,0,0,0,98,0,0
1801,0,0,1,0,0,0,0,230,0
1801,1,0,0,1,1,0,0,0,458
1801,0,0,0,0,0,0,0,0,0
1802,0,1,0,0,0,0,176,0,0
1802,0,0,1,0,0,0,0,162,0
1802,1,0,0,1,0,1,0,0,344
1802,0,0,0,0,0,0,0,0,0
1803,0,1,0,0,0,0,124,0,0
1803,0,0,1,0,0,0,0,162,0
1803,1,0,0,1,0,0,0,0,268
1803,0,0,0,0,0,0,0,0,0
1804,0,1,0,0,0,0,228,0,0
1804,0,0,1,0,0,0,0,196,0
1804,1,0,0,1,1,0,0,0,306
1804,0,0,0,0,0,0,0,0,0
1805,0,1,0,0,0,0,150,0,0
1805,0,0,1,0,0,0,0,230,0
1805,1,0,0,1,0,1,0,0,420
1805,0,0,0,0,0,0,0,0,0
1806,0,1,0,0,0,0,98,0,0
1806,0,0,1,0,0,0,0,264,0
1806,1,0,0,1,0,0,0,0,382
1806,0,0,0,0,0,0,0,0,0
1807,0,1,0,0,0,0,150,0,0
1807,0,0,1,0,0,0,0,128,0
1807,1,0,0,1,1,0,0,0,344
1807,0,0,0,0,0,0,0,0,0
1808,0,1,0,0,0,0,202,0,0
1808,0,0,1,0,0,0,0,298,0
1808,1,0,0,1,0,1,0,0,458
1808,0,0,0,0,0,0,0,0,0
1809,0,1,0,0,0,0,124,0,0
1809,0,0,1,0,0,0,0,196,0
1809,1,0,0,1,0,0,0,0,420
1809,0,0,0,0,0,0,0,0,0
1901,0,1,0,0,0,0,98,0,0
1901,1,0,1,0,0,0,0,230,0
1901,0,0,0,1,1,0,0,0,458
1901,0,0,0,0,0,0,0,0,0
1902,0,1,0,0,0,0,176,0,0
1902,1,0,1,0,0,0,0,162,0
1902,0,0,0,1,0,1,0,0,344
1902,0,0,0,0,0,0,0,0,0
1903,0,1,0,0,0,0,124,0,0
1903,1,0,1,0,0,0,0,162,0
1903,0,0,0,1,0,0,0,0,268
1903,0,0,0,0,0,0,0,0,0
1904,0,1,0,0,0,0,228,0,0
1904,0,0,1,0,0,0,0,196,0
1904,1,0,0,1,1,0,0,0,306
1904,0,0,0,0,0,0,0,0,0
1905,0,1,0,0,0,0,150,0,0
1905,1,0,1,0,0,0,0,230,0
1905,0,0,0,1,0,1,0,0,420
1905,0,0,0,0,0,0,0,0,0
1906,0,1,0,0,0,0,98,0,0
1906,1,0,1,0,0,0,0,264,0
1906,0,0,0,1,0,0,0,0,382
1906,0,0,0,0,0,0,0,0,0
1907,0,1,0,0,0,0,150,0,0
1907,1,0,1,0,0,0,0,128,0
1907,0,0,0,1,1,0,0,0,344
1907,0,0,0,0,0,0,0,0,0
1908,0,1,0,0,0,0,202,0,0
1908,1,0,1,0,0,0,0,298,0
1908,0,0,0,1,0,1,0,0,458
1908,0,0,0,0,0,0,0,0,0
1909,0,1,0,0,0,0,124,0,0
1909,1,0,1,0,0,0,0,196,0
1909,0,0,0,1,0,0,0,0,420
1909,0,0,0,0,0,0,0,0,0
2001,0,1,0,0,0,0,98,0,0
2001,1,0,1,0,0,0,0,230,0
2001,0,0,0,1,1,0,0,0,458
2001,0,0,0,0,0,0,0,0,0
2002,1,1,0,0,0,0,176,0,0
2002,0,0,1,0,0,0,0,162,0
2002,0,0,0,1,0,1,0,0,344
2002,0,0,0,0,0,0,0,0,0
2003,0,1,0,0,0,0,124,0,0
2003,1,0,1,0,0,0,0,162,0
2003,0,0,0,1,0,0,0,0,268
2003,0,0,0,0,0,0,0,0,0
2004,0,1,0,0,0,0,228,0,0
2004,0,0,1,0,0,0,0,196,0
2004,1,0,0,1,1,0,0,0,306
2004,0,0,0,0,0,0,0,0,0
2005,0,1,0,0,0,0,150,0,0
2005,1,0,1,0,0,0,0,230,0
2005,0,0,0,1,0,1,0,0,420
2005,0,0,0,0,0,0,0,0,0
2006,1,1,0,0,0,0,98,0,0
2006,0,0,1,0,0,0,0,264,0
2006,0,0,0,1,0,0,0,0,382
2006,0,0,0,0,0,0,0,0,0
2007,1,1,0,0,0,0,150,0,0
2007,0,0,1,0,0,0,0,128,0
2007,0,0,0,1,1,0,0,0,344
2007,0,0,0,0,0,0,0,0,0
2008,0,1,0,0,0,0,202,0,0
2008,1,0,1,0,0,0,0,298,0
2008,0,0,0,1,0,1,0,0,458
2008,0,0,0,0,0,0,0,0,0
2009,1,1,0,0,0,0,124,0,0
2009,0,0,1,0,0,0,0,196,0
2009,0,0,0,1,0,0,0,0,420
2009,0,0,0,0,0,0,0,0,0
2101,0,1,0,0,0,0,98,0,0
2101,1,0,1,0,0,0,0,230,0
2101,0,0,0,1,1,0,0,0,458
2101,0,0,0,0,0,0,0,0,0
2102,0,1,0,0,0,0,176,0,0
2102,1,0,1,0,0,0,0,162,0
2102,0,0,0,1,0,1,0,0,344
2102,0,0,0,0,0,0,0,0,0
2103,0,1,0,0,0,0,124,0,0
2103,1,0,1,0,0,0,0,162,0
2103,0,0,0,1,0,0,0,0,268
2103,0,0,0,0,0,0,0,0,0
2104,0,1,0,0,0,0,228,0,0
2104,1,0,1,0,0,0,0,196,0
2104,0,0,0,1,1,0,0,0,306
2104,0,0,0,0,0,0,0,0,0
2105,0,1,0,0,0,0,150,0,0
2105,1,0,1,0,0,0,0,230,0
2105,0,0,0,1,0,1,0,0,420
2105,0,0,0,0,0,0,0,0,0
2106,0,1,0,0,0,0,98,0,0
2106,0,0,1,0,0,0,0,264,0
2106,0,0,0,1,0,0,0,0,382
2106,1,0,0,0,0,0,0,0,0
2107,0,1,0,0,0,0,150,0,0
2107,1,0,1,0,0,0,0,128,0
2107,0,0,0,1,1,0,0,0,344
2107,0,0,0,0,0,0,0,0,0
2108,0,1,0,0,0,0,202,0,0
2108,0,0,1,0,0,0,0,298,0
2108,0,0,0,1,0,1,0,0,458
2108,1,0,0,0,0,0,0,0,0
2109,0,1,0,0,0,0,124,0,0
2109,1,0,1,0,0,0,0,196,0
2109,0,0,0,1,0,0,0,0,420
2109,0,0,0,0,0,0,0,0,0
2201,0,1,0,0,0,0,98,0,0
2201,1,0,1,0,0,0,0,230,0
2201,0,0,0,1,1,0,0,0,458
2201,0,0,0,0,0,0,0,0,0
2202,0,1,0,0,0,0,176,0,0
2202,0,0,1,0,0,0,0,162,0
2202,1,0,0,1,0,1,0,0,344
2202,0,0,0,0,0,0,0,0,0
2203,0,1,0,0,0,0,124,0,0
2203,1,0,1,0,0,0,0,162,0
2203,0,0,0,1,0,0,0,0,268
2203,0,0,0,0,0,0,0,0,0
2204,0,1,0,0,0,0,228,0,0
2204,0,0,1,0,0,0,0,196,0
2204,1,0,0,1,1,0,0,0,306
2204,0,0,0,0,0,0,0,0,0
2205,0,1,0,0,0,0,150,0,0
2205,1,0,1,0,0,0,0,230,0
2205,0,0,0,1,0,1,0,0,420
2205,0,0,0,0,0,0,0,0,0
2206,0,1,0,0,0,0,98,0,0
2206,1,0,1,0,0,0,0,264,0
2206,0,0,0,1,0,0,0,0,382
2206,0,0,0,0,0,0,0,0,0
2207,0,1,0,0,0,0,150,0,0
2207,0,0,1,0,0,0,0,128,0
2207,1,0,0,1,1,0,0,0,344
2207,0,0,0,0,0,0,0,0,0
2208,0,1,0,0,0,0,202,0,0
2208,1,0,1,0,0,0,0,298,0
2208,0,0,0,1,0,1,0,0,458
2208,0,0,0,0,0,0,0,0,0
2209,0,1,0,0,0,0,124,0,0
2209,1,0,1,0,0,0,0,196,0
2209,0,0,0,1,0,0,0,0,420
2209,0,0,0,0,0,0,0,0,0
2301,0,1,0,0,0,0,98,0,0
2301,0,0,1,0,0,0,0,230,0
2301,1,0,0,1,1,0,0,0,458
2301,0,0,0,0,0,0,0,0,0
2302,0,1,0,0,0,0,176,0,0
2302,0,0,1,0,0,0,0,162,0
2302,1,0,0,1,0,1,0,0,344
2302,0,0,0,0,0,0,0,0,0
2303,0,1,0,0,0,0,124,0,0
2303,0,0,1,0,0,0,0,162,0
2303,1,0,0,1,0,0,0,0,268
2303,0,0,0,0,0,0,0,0,0
2304,0,1,0,0,0,0,228,0,0
2304,0,0,1,0,0,0,0,196,0
2304,1,0,0,1,1,0,0,0,306
2304,0,0,0,0,0,0,0,0,0
2305,0,1,0,0,0,0,150,0,0
2305,0,0,1,0,0,0,0,230,0
2305,1,0,0,1,0,1,0,0,420
2305,0,0,0,0,0,0,0,0,0
2306,0,1,0,0,0,0,98,0,0
2306,0,0,1,0,0,0,0,264,0
2306,1,0,0,1,0,0,0,0,382
2306,0,0,0,0,0,0,0,0,0
2307,0,1,0,0,0,0,150,0,0
2307,0,0,1,0,0,0,0,128,0
2307,1,0,0,1,1,0,0,0,344
2307,0,0,0,0,0,0,0,0,0
2308,0,1,0,0,0,0,202,0,0
2308,0,0,1,0,0,0,0,298,0
2308,1,0,0,1,0,1,0,0,458
2308,0,0,0,0,0,0,0,0,0
2309,0,1,0,0,0,0,124,0,0
2309,0,0,1,0,0,0,0,196,0
2309,1,0,0,1,0,0,0,0,420
2309,0,0,0,0,0,0,0,0,0
2401,1,1,0,0,0,0,98,0,0
2401,0,0,1,0,0,0,0,230,0
2401,0,0,0,1,1,0,0,0,458
2401,0,0,0,0,0,0,0,0,0
2402,0,1,0,0,0,0,176,0,0
2402,1,0,1,0,0,0,0,162,0
2402,0,0,0,1,0,1,0,0,344
2402,0,0,0,0,0,0,0,0,0
2403,0,1,0,0,0,0,124,0,0
2403,1,0,1,0,0,0,0,162,0
2403,0,0,0,1,0,0,0,0,268
2403,0,0,0,0,0,0,0,0,0
2404,0,1,0,0,0,0,228,0,0
2404,1,0,1,0,0,0,0,196,0
2404,0,0,0,1,1,0,0,0,306
2404,0,0,0,0,0,0,0,0,0
2405,0,1,0,0,0,0,150,0,0
2405,1,0,1,0,0,0,0,230,0
2405,0,0,0,1,0,1,0,0,420
2405,0,0,0,0,0,0,0,0,0
2406,1,1,0,0,0,0,98,0,0
2406,0,0,1,0,0,0,0,264,0
2406,0,0,0,1,0,0,0,0,382
2406,0,0,0,0,0,0,0,0,0
2407,0,1,0,0,0,0,150,0,0
2407,1,0,1,0,0,0,0,128,0
2407,0,0,0,1,1,0,0,0,344
2407,0,0,0,0,0,0,0,0,0
2408,0,1,0,0,0,0,202,0,0
2408,0,0,1,0,0,0,0,298,0
2408,0,0,0,1,0,1,0,0,458
2408,1,0,0,0,0,0,0,0,0
2409,1,1,0,0,0,0,124,0,0
2409,0,0,1,0,0,0,0,196,0
2409,0,0,0,1,0,0,0,0,420
2409,0,0,0,0,0,0,0,0,0
2501,0,1,0,0,0,0,98,0,0
2501,0,0,1,0,0,0,0,230,0
2501,1,0,0,1,1,0,0,0,458
2501,0,0,0,0,0,0,0,0,0
2502,0,1,0,0,0,0,176,0,0
2502,0,0,1,0,0,0,0,162,0
2502,1,0,0,1,0,1,0,0,344
2502,0,0,0,0,0,0,0,0,0
2503,0,1,0,0,0,0,124,0,0
2503,0,0,1,0,0,0,0,162,0
2503,1,0,0,1,0,0,0,0,268
2503,0,0,0,0,0,0,0,0,0
2504,0,1,0,0,0,0,228,0,0
2504,0,0,1,0,0,0,0,196,0
2504,1,0,0,1,1,0,0,0,306
2504,0,0,0,0,0,0,0,0,0
2505,0,1,0,0,0,0,150,0,0
2505,0,0,1,0,0,0,0,230,0
2505,1,0,0,1,0,1,0,0,420
2505,0,0,0,0,0,0,0,0,0
2506,0,1,0,0,0,0,98,0,0
2506,0,0,1,0,0,0,0,264,0
2506,1,0,0,1,0,0,0,0,382
2506,0,0,0,0,0,0,0,0,0
2507,0,1,0,0,0,0,150,0,0
2507,0,0,1,0,0,0,0,128,0
2507,1,0,0,1,1,0,0,0,344
2507,0,0,0,0,0,0,0,0,0
2508,0,1,0,0,0,0,202,0,0
2508,0,0,1,0,0,0,0,298,0
2508,1,0,0,1,0,1,0,0,458
2508,0,0,0,0,0,0,0,0,0
2509,0,1,0,0,0,0,124,0,0
2509,0,0,1,0,0,0,0,196,0
2509,1,0,0,1,0,0,0,0,420
2509,0,0,0,0,0,0,0,0,0
2601,0,1,0,0,0,0,176,0,0
2601,1,0,1,0,0,0,0,298,0
2601,0,0,0,1,0,0,0,0,420
2601,0,0,0,0,0,0,0,0,0
2602,0,1,0,0,0,0,150,0,0
2602,1,0,1,0,0,0,0,196,0
2602,0,0,0,1,0,1,0,0,458
2602,0,0,0,0,0,0,0,0,0
2603,0,1,0,0,0,0,150,0,0
2603,1,0,1,0,0,0,0,264,0
2603,0,0,0,1,0,0,0,0,268
2603,0,0,0,0,0,0,0,0,0
2604,0,1,0,0,0,0,98,0,0
2604,1,0,1,0,0,0,0,196,0
2604,0,0,0,1,0,0,0,0,344
2604,0,0,0,0,0,0,0,0,0
2605,0,1,0,0,0,0,124,0,0
2605,1,0,1,0,0,0,0,230,0
2605,0,0,0,1,0,1,0,0,382
2605,0,0,0,0,0,0,0,0,0
2606,0,1,0,0,0,0,228,0,0
2606,1,0,1,0,0,0,0,298,0
2606,0,0,0,1,1,0,0,0,382
2606,0,0,0,0,0,0,0,0,0
2607,0,1,0,0,0,0,228,0,0
2607,0,0,1,0,0,0,0,128,0
2607,1,0,0,1,0,1,0,0,268
2607,0,0,0,0,0,0,0,0,0
2608,0,1,0,0,0,0,176,0,0
2608,0,0,1,0,0,0,0,264,0
2608,1,0,0,1,1,0,0,0,306
2608,0,0,0,0,0,0,0,0,0
2609,0,1,0,0,0,0,202,0,0
2609,1,0,1,0,0,0,0,162,0
2609,0,0,0,1,1,0,0,0,420
2609,0,0,0,0,0,0,0,0,0
2701,0,1,0,0,0,0,176,0,0
2701,1,0,1,0,0,0,0,298,0
2701,0,0,0,1,0,0,0,0,420
2701,0,0,0,0,0,0,0,0,0
2702,0,1,0,0,0,0,150,0,0
2702,1,0,1,0,0,0,0,196,0
2702,0,0,0,1,0,1,0,0,458
2702,0,0,0,0,0,0,0,0,0
2703,0,1,0,0,0,0,150,0,0
2703,0,0,1,0,0,0,0,264,0
2703,1,0,0,1,0,0,0,0,268
2703,0,0,0,0,0,0,0,0,0
2704,0,1,0,0,0,0,98,0,0
2704,1,0,1,0,0,0,0,196,0
2704,0,0,0,1,0,0,0,0,344
2704,0,0,0,0,0,0,0,0,0
2705,0,1,0,0,0,0,124,0,0
2705,0,0,1,0,0,0,0,230,0
2705,1,0,0,1,0,1,0,0,382
2705,0,0,0,0,0,0,0,0,0
2706,0,1,0,0,0,0,228,0,0
2706,0,0,1,0,0,0,0,298,0
2706,0,0,0,1,1,0,0,0,382
2706,1,0,0,0,0,0,0,0,0
2707,0,1,0,0,0,0,228,0,0
2707,1,0,1,0,0,0,0,128,0
2707,0,0,0,1,0,1,0,0,268
2707,0,0,0,0,0,0,0,0,0
2708,0,1,0,0,0,0,176,0,0
2708,0,0,1,0,0,0,0,264,0
2708,0,0,0,1,1,0,0,0,306
2708,1,0,0,0,0,0,0,0,0
2709,0,1,0,0,0,0,202,0,0
2709,1,0,1,0,0,0,0,162,0
2709,0,0,0,1,1,0,0,0,420
2709,0,0,0,0,0,0,0,0,0
2801,0,1,0,0,0,0,176,0,0
2801,1,0,1,0,0,0,0,298,0
2801,0,0,0,1,0,0,0,0,420
2801,0,0,0,0,0,0,0,0,0
2802,0,1,0,0,0,0,150,0,0
2802,0,0,1,0,0,0,0,196,0
2802,0,0,0,1,0,1,0,0,458
2802,1,0,0,0,0,0,0,0,0
2803,0,1,0,0,0,0,150,0,0
2803,0,0,1,0,0,0,0,264,0
2803,0,0,0,1,0,0,0,0,268
2803,1,0,0,0,0,0,0,0,0
2804,0,1,0,0,0,0,98,0,0
2804,0,0,1,0,0,0,0,196,0
2804,0,0,0,1,0,0,0,0,344
2804,1,0,0,0,0,0,0,0,0
2805,0,1,0,0,0,0,124,0,0
2805,0,0,1,0,0,0,0,230,0
2805,1,0,0,1,0,1,0,0,382
2805,0,0,0,0,0,0,0,0,0
2806,0,1,0,0,0,0,228,0,0
2806,0,0,1,0,0,0,0,298,0
2806,0,0,0,1,1,0,0,0,382
2806,1,0,0,0,0,0,0,0,0
2807,0,1,0,0,0,0,228,0,0
2807,0,0,1,0,0,0,0,128,0
2807,1,0,0,1,0,1,0,0,268
2807,0,0,0,0,0,0,0,0,0
2808,0,1,0,0,0,0,176,0,0
2808,0,0,1,0,0,0,0,264,0
2808,0,0,0,1,1,0,0,0,306
2808,1,0,0,0,0,0,0,0,0
2809,0,1,0,0,0,0,202,0,0
2809,0,0,1,0,0,0,0,162,0
2809,0,0,0,1,1,0,0,0,420
2809,1,0,0,0,0,0,0,0,0
2901,0,1,0,0,0,0,176,0,0
2901,0,0,1,0,0,0,0,298,0
2901,0,0,0,1,0,0,0,0,420
2901,1,0,0,0,0,0,0,0,0
2902,0,1,0,0,0,0,150,0,0
2902,0,0,1,0,0,0,0,196,0
2902,0,0,0,1,0,1,0,0,458
2902,1,0,0,0,0,0,0,0,0
2903,0,1,0,0,0,0,150,0,0
2903,0,0,1,0,0,0,0,264,0
2903,0,0,0,1,0,0,0,0,268
2903,1,0,0,0,0,0,0,0,0
2904,0,1,0,0,0,0,98,0,0
2904,0,0,1,0,0,0,0,196,0
2904,0,0,0,1,0,0,0,0,344
2904,1,0,0,0,0,0,0,0,0
2905,0,1,0,0,0,0,124,0,0
2905,0,0,1,0,0,0,0,230,0
2905,0,0,0,1,0,1,0,0,382
2905,1,0,0,0,0,0,0,0,0
2906,0,1,0,0,0,0,228,0,0
2906,0,0,1,0,0,0,0,298,0
2906,0,0,0,1,1,0,0,0,382
2906,1,0,0,0,0,0,0,0,0
2907,0,1,0,0,0,0,228,0,0
2907,0,0,1,0,0,0,0,128,0
2907,0,0,0,1,0,1,0,0,268
2907,1,0,0,0,0,0,0,0,0
2908,0,1,0,0,0,0,176,0,0
2908,0,0,1,0,0,0,0,264,0
2908,0,0,0,1,1,0,0,0,306
2908,1,0,0,0,0,0,0,0,0
2909,0,1,0,0,0,0,202,0,0
2909,0,0,1,0,0,0,0,162,0
2909,0,0,0,1,1,0,0,0,420
2909,1,0,0,0,0,0,0,0,0
3001,0,1,0,0,0,0,176,0,0
3001,1,0,1,0,0,0,0,298,0
3001,0,0,0,1,0,0,0,0,420
3001,0,0,0,0,0,0,0,0,0
3002,0,1,0,0,0,0,150,0,0
3002,1,0,1,0,0,0,0,196,0
3002,0,0,0,1,0,1,0,0,458
3002,0,0,0,0,0,0,0,0,0
3003,0,1,0,0,0,0,150,0,0
3003,0,0,1,0,0,0,0,264,0
3003,1,0,0,1,0,0,0,0,268
3003,0,0,0,0,0,0,0,0,0
3004,0,1,0,0,0,0,98,0,0
3004,1,0,1,0,0,0,0,196,0
3004,0,0,0,1,0,0,0,0,344
3004,0,0,0,0,0,0,0,0,0
3005,0,1,0,0,0,0,124,0,0
3005,1,0,1,0,0,0,0,230,0
3005,0,0,0,1,0,1,0,0,382
3005,0,0,0,0,0,0,0,0,0
3006,0,1,0,0,0,0,228,0,0
3006,1,0,1,0,0,0,0,298,0
3006,0,0,0,1,1,0,0,0,382
3006,0,0,0,0,0,0,0,0,0
3007,0,1,0,0,0,0,228,0,0
3007,1,0,1,0,0,0,0,128,0
3007,0,0,0,1,0,1,0,0,268
3007,0,0,0,0,0,0,0,0,0
3008,0,1,0,0,0,0,176,0,0
3008,1,0,1,0,0,0,0,264,0
3008,0,0,0,1,1,0,0,0,306
3008,0,0,0,0,0,0,0,0,0
3009,0,1,0,0,0,0,202,0,0
3009,1,0,1,0,0,0,0,162,0
3009,0,0,0,1,1,0,0,0,420
3009,0,0,0,0,0,0,0,0,0
3101,0,1,0,0,0,0,176,0,0
3101,0,0,1,0,0,0,0,298,0
3101,1,0,0,1,0,0,0,0,420
3101,0,0,0,0,0,0,0,0,0
3102,0,1,0,0,0,0,150,0,0
3102,0,0,1,0,0,0,0,196,0
3102,1,0,0,1,0,1,0,0,458
3102,0,0,0,0,0,0,0,0,0
3103,0,1,0,0,0,0,150,0,0
3103,0,0,1,0,0,0,0,264,0
3103,1,0,0,1,0,0,0,0,268
3103,0,0,0,0,0,0,0,0,0
3104,0,1,0,0,0,0,98,0,0
3104,0,0,1,0,0,0,0,196,0
3104,1,0,0,1,0,0,0,0,344
3104,0,0,0,0,0,0,0,0,0
3105,0,1,0,0,0,0,124,0,0
3105,0,0,1,0,0,0,0,230,0
3105,1,0,0,1,0,1,0,0,382
3105,0,0,0,0,0,0,0,0,0
3106,0,1,0,0,0,0,228,0,0
3106,0,0,1,0,0,0,0,298,0
3106,1,0,0,1,1,0,0,0,382
3106,0,0,0,0,0,0,0,0,0
3107,0,1,0,0,0,0,228,0,0
3107,0,0,1,0,0,0,0,128,0
3107,1,0,0,1,0,1,0,0,268
3107,0,0,0,0,0,0,0,0,0
3108,0,1,0,0,0,0,176,0,0
3108,0,0,1,0,0,0,0,264,0
3108,1,0,0,1,1,0,0,0,306
3108,0,0,0,0,0,0,0,0,0
3109,0,1,0,0,0,0,202,0,0
3109,0,0,1,0,0,0,0,162,0
3109,1,0,0,1,1,0,0,0,420
3109,0,0,0,0,0,0,0,0,0
3201,0,1,0,0,0,0,176,0,0
3201,0,0,1,0,0,0,0,298,0
3201,1,0,0,1,0,0,0,0,420
3201,0,0,0,0,0,0,0,0,0
3202,0,1,0,0,0,0,150,0,0
3202,0,0,1,0,0,0,0,196,0
3202,1,0,0,1,0,1,0,0,458
3202,0,0,0,0,0,0,0,0,0
3203,0,1,0,0,0,0,150,0,0
3203,0,0,1,0,0,0,0,264,0
3203,1,0,0,1,0,0,0,0,268
3203,0,0,0,0,0,0,0,0,0
3204,0,1,0,0,0,0,98,0,0
3204,0,0,1,0,0,0,0,196,0
3204,1,0,0,1,0,0,0,0,344
3204,0,0,0,0,0,0,0,0,0
3205,0,1,0,0,0,0,124,0,0
3205,0,0,1,0,0,0,0,230,0
3205,1,0,0,1,0,1,0,0,382
3205,0,0,0,0,0,0,0,0,0
3206,0,1,0,0,0,0,228,0,0
3206,0,0,1,0,0,0,0,298,0
3206,1,0,0,1,1,0,0,0,382
3206,0,0,0,0,0,0,0,0,0
3207,0,1,0,0,0,0,228,0,0
3207,0,0,1,0,0,0,0,128,0
3207,1,0,0,1,0,1,0,0,268
3207,0,0,0,0,0,0,0,0,0
3208,0,1,0,0,0,0,176,0,0
3208,0,0,1,0,0,0,0,264,0
3208,1,0,0,1,1,0,0,0,306
3208,0,0,0,0,0,0,0,0,0
3209,0,1,0,0,0,0,202,0,0
3209,0,0,1,0,0,0,0,162,0
3209,1,0,0,1,1,0,0,0,420
3209,0,0,0,0,0,0,0,0,0
3301,0,1,0,0,0,0,176,0,0
3301,1,0,1,0,0,0,0,298,0
3301,0,0,0,1,0,0,0,0,420
3301,0,0,0,0,0,0,0,0,0
3302,0,1,0,0,0,0,150,0,0
3302,1,0,1,0,0,0,0,196,0
3302,0,0,0,1,0,1,0,0,458
3302,0,0,0,0,0,0,0,0,0
3303,0,1,0,0,0,0,150,0,0
3303,1,0,1,0,0,0,0,264,0
3303,0,0,0,1,0,0,0,0,268
3303,0,0,0,0,0,0,0,0,0
3304,0,1,0,0,0,0,98,0,0
3304,1,0,1,0,0,0,0,196,0
3304,0,0,0,1,0,0,0,0,344
3304,0,0,0,0,0,0,0,0,0
3305,0,1,0,0,0,0,124,0,0
3305,1,0,1,0,0,0,0,230,0
3305,0,0,0,1,0,1,0,0,382
3305,0,0,0,0,0,0,0,0,0
3306,0,1,0,0,0,0,228,0,0
3306,1,0,1,0,0,0,0,298,0
3306,0,0,0,1,1,0,0,0,382
3306,0,0,0,0,0,0,0,0,0
3307,0,1,0,0,0,0,228,0,0
3307,1,0,1,0,0,0,0,128,0
3307,0,0,0,1,0,1,0,0,268
3307,0,0,0,0,0,0,0,0,0
3308,0,1,0,0,0,0,176,0,0
3308,1,0,1,0,0,0,0,264,0
3308,0,0,0,1,1,0,0,0,306
3308,0,0,0,0,0,0,0,0,0
3309,0,1,0,0,0,0,202,0,0
3309,1,0,1,0,0,0,0,162,0
3309,0,0,0,1,1,0,0,0,420
3309,0,0,0,0,0,0,0,0,0
3401,0,1,0,0,0,0,176,0,0
3401,1,0,1,0,0,0,0,298,0
3401,0,0,0,1,0,0,0,0,420
3401,0,0,0,0,0,0,0,0,0
3402,0,1,0,0,0,0,150,0,0
3402,1,0,1,0,0,0,0,196,0
3402,0,0,0,1,0,1,0,0,458
3402,0,0,0,0,0,0,0,0,0
3403,0,1,0,0,0,0,150,0,0
3403,0,0,1,0,0,0,0,264,0
3403,1,0,0,1,0,0,0,0,268
3403,0,0,0,0,0,0,0,0,0
3404,0,1,0,0,0,0,98,0,0
3404,1,0,1,0,0,0,0,196,0
3404,0,0,0,1,0,0,0,0,344
3404,0,0,0,0,0,0,0,0,0
3405,0,1,0,0,0,0,124,0,0
3405,1,0,1,0,0,0,0,230,0
3405,0,0,0,1,0,1,0,0,382
3405,0,0,0,0,0,0,0,0,0
3406,0,1,0,0,0,0,228,0,0
3406,0,0,1,0,0,0,0,298,0
3406,1,0,0,1,1,0,0,0,382
3406,0,0,0,0,0,0,0,0,0
3407,0,1,0,0,0,0,228,0,0
3407,0,0,1,0,0,0,0,128,0
3407,1,0,0,1,0,1,0,0,268
3407,0,0,0,0,0,0,0,0,0
3408,0,1,0,0,0,0,176,0,0
3408,1,0,1,0,0,0,0,264,0
3408,0,0,0,1,1,0,0,0,306
3408,0,0,0,0,0,0,0,0,0
3409,0,1,0,0,0,0,202,0,0
3409,1,0,1,0,0,0,0,162,0
3409,0,0,0,1,1,0,0,0,420
3409,0,0,0,0,0,0,0,0,0
3501,0,1,0,0,0,0,176,0,0
3501,1,0,1,0,0,0,0,298,0
3501,0,0,0,1,0,0,0,0,420
3501,0,0,0,0,0,0,0,0,0
3502,0,1,0,0,0,0,150,0,0
3502,0,0,1,0,0,0,0,196,0
3502,1,0,0,1,0,1,0,0,458
3502,0,0,0,0,0,0,0,0,0
3503,0,1,0,0,0,0,150,0,0
3503,1,0,1,0,0,0,0,264,0
3503,0,0,0,1,0,0,0,0,268
3503,0,0,0,0,0,0,0,0,0
3504,0,1,0,0,0,0,98,0,0
3504,1,0,1,0,0,0,0,196,0
3504,0,0,0,1,0,0,0,0,344
3504,0,0,0,0,0,0,0,0,0
3505,0,1,0,0,0,0,124,0,0
3505,0,0,1,0,0,0,0,230,0
3505,1,0,0,1,0,1,0,0,382
3505,0,0,0,0,0,0,0,0,0
3506,0,1,0,0,0,0,228,0,0
3506,0,0,1,0,0,0,0,298,0
3506,1,0,0,1,1,0,0,0,382
3506,0,0,0,0,0,0,0,0,0
3507,0,1,0,0,0,0,228,0,0
3507,0,0,1,0,0,0,0,128,0
3507,1,0,0,1,0,1,0,0,268
3507,0,0,0,0,0,0,0,0,0
3508,0,1,0,0,0,0,176,0,0
3508,0,0,1,0,0,0,0,264,0
3508,1,0,0,1,1,0,0,0,306
3508,0,0,0,0,0,0,0,0,0
3509,0,1,0,0,0,0,202,0,0
3509,1,0,1,0,0,0,0,162,0
3509,0,0,0,1,1,0,0,0,420
3509,0,0,0,0,0,0,0,0,0
3601,0,1,0,0,0,0,176,0,0
3601,1,0,1,0,0,0,0,298,0
3601,0,0,0,1,0,0,0,0,420
3601,0,0,0,0,0,0,0,0,0
3602,0,1,0,0,0,0,150,0,0
3602,1,0,1,0,0,0,0,196,0
3602,0,0,0,1,0,1,0,0,458
3602,0,0,0,0,0,0,0,0,0
3603,0,1,0,0,0,0,150,0,0
3603,0,0,1,0,0,0,0,264,0
3603,1,0,0,1,0,0,0,0,268
3603,0,0,0,0,0,0,0,0,0
3604,0,1,0,0,0,0,98,0,0
3604,1,0,1,0,0,0,0,196,0
3604,0,0,0,1,0,0,0,0,344
3604,0,0,0,0,0,0,0,0,0
3605,0,1,0,0,0,0,124,0,0
3605,1,0,1,0,0,0,0,230,0
3605,0,0,0,1,0,1,0,0,382
3605,0,0,0,0,0,0,0,0,0
3606,0,1,0,0,0,0,228,0,0
3606,1,0,1,0,0,0,0,298,0
3606,0,0,0,1,1,0,0,0,382
3606,0,0,0,0,0,0,0,0,0
3607,0,1,0,0,0,0,228,0,0
3607,1,0,1,0,0,0,0,128,0
3607,0,0,0,1,0,1,0,0,268
3607,0,0,0,0,0,0,0,0,0
3608,0,1,0,0,0,0,176,0,0
3608,1,0,1,0,0,0,0,264,0
3608,0,0,0,1,1,0,0,0,306
3608,0,0,0,0,0,0,0,0,0
3609,0,1,0,0,0,0,202,0,0
3609,1,0,1,0,0,0,0,162,0
3609,0,0,0,1,1,0,0,0,420
3609,0,0,0,0,0,0,0,0,0
3701,0,1,0,0,0,0,176,0,0
3701,1,0,1,0,0,0,0,298,0
3701,0,0,0,1,0,0,0,0,420
3701,0,0,0,0,0,0,0,0,0
3702,0,1,0,0,0,0,150,0,0
3702,1,0,1,0,0,0,0,196,0
3702,0,0,0,1,0,1,0,0,458
3702,0,0,0,0,0,0,0,0,0
3703,0,1,0,0,0,0,150,0,0
3703,0,0,1,0,0,0,0,264,0
3703,1,0,0,1,0,0,0,0,268
3703,0,0,0,0,0,0,0,0,0
3704,0,1,0,0,0,0,98,0,0
3704,0,0,1,0,0,0,0,196,0
3704,1,0,0,1,0,0,0,0,344
3704,0,0,0,0,0,0,0,0,0
3705,0,1,0,0,0,0,124,0,0
3705,0,0,1,0,0,0,0,230,0
3705,1,0,0,1,0,1,0,0,382
3705,0,0,0,0,0,0,0,0,0
3706,0,1,0,0,0,0,228,0,0
3706,1,0,1,0,0,0,0,298,0
3706,0,0,0,1,1,0,0,0,382
3706,0,0,0,0,0,0,0,0,0
3707,0,1,0,0,0,0,228,0,0
3707,1,0,1,0,0,0,0,128,0
3707,0,0,0,1,0,1,0,0,268
3707,0,0,0,0,0,0,0,0,0
3708,0,1,0,0,0,0,176,0,0
3708,0,0,1,0,0,0,0,264,0
3708,1,0,0,1,1,0,0,0,306
3708,0,0,0,0,0,0,0,0,0
3709,0,1,0,0,0,0,202,0,0
3709,0,0,1,0,0,0,0,162,0
3709,1,0,0,1,1,0,0,0,420
3709,0,0,0,0,0,0,0,0,0
3801,1,1,0,0,0,0,176,0,0
3801,0,0,1,0,0,0,0,298,0
3801,0,0,0,1,0,0,0,0,420
3801,0,0,0,0,0,0,0,0,0
3802,1,1,0,0,0,0,150,0,0
3802,0,0,1,0,0,0,0,196,0
3802,0,0,0,1,0,1,0,0,458
3802,0,0,0,0,0,0,0,0,0
3803,1,1,0,0,0,0,150,0,0
3803,0,0,1,0,0,0,0,264,0
3803,0,0,0,1,0,0,0,0,268
3803,0,0,0,0,0,0,0,0,0
3804,1,1,0,0,0,0,98,0,0
3804,0,0,1,0,0,0,0,196,0
3804,0,0,0,1,0,0,0,0,344
3804,0,0,0,0,0,0,0,0,0
3805,1,1,0,0,0,0,124,0,0
3805,0,0,1,0,0,0,0,230,0
3805,0,0,0,1,0,1,0,0,382
3805,0,0,0,0,0,0,0,0,0
3806,1,1,0,0,0,0,228,0,0
3806,0,0,1,0,0,0,0,298,0
3806,0,0,0,1,1,0,0,0,382
3806,0,0,0,0,0,0,0,0,0
3807,1,1,0,0,0,0,228,0,0
3807,0,0,1,0,0,0,0,128,0
3807,0,0,0,1,0,1,0,0,268
3807,0,0,0,0,0,0,0,0,0
3808,1,1,0,0,0,0,176,0,0
3808,0,0,1,0,0,0,0,264,0
3808,0,0,0,1,1,0,0,0,306
3808,0,0,0,0,0,0,0,0,0
3809,0,1,0,0,0,0,202,0,0
3809,1,0,1,0,0,0,0,162,0
3809,0,0,0,1,1,0,0,0,420
3809,0,0,0,0,0,0,0,0,0
3901,0,1,0,0,0,0,176,0,0
3901,1,0,1,0,0,0,0,298,0
3901,0,0,0,1,0,0,0,0,420
3901,0,0,0,0,0,0,0,0,0
3902,0,1,0,0,0,0,150,0,0
3902,0,0,1,0,0,0,0,196,0
3902,1,0,0,1,0,1,0,0,458
3902,0,0,0,0,0,0,0,0,0
3903,0,1,0,0,0,0,150,0,0
3903,0,0,1,0,0,0,0,264,0
3903,0,0,0,1,0,0,0,0,268
3903,1,0,0,0,0,0,0,0,0
3904,0,1,0,0,0,0,98,0,0
3904,1,0,1,0,0,0,0,196,0
3904,0,0,0,1,0,0,0,0,344
3904,0,0,0,0,0,0,0,0,0
3905,0,1,0,0,0,0,124,0,0
3905,0,0,1,0,0,0,0,230,0
3905,1,0,0,1,0,1,0,0,382
3905,0,0,0,0,0,0,0,0,0
3906,0,1,0,0,0,0,228,0,0
3906,1,0,1,0,0,0,0,298,0
3906,0,0,0,1,1,0,0,0,382
3906,0,0,0,0,0,0,0,0,0
3907,0,1,0,0,0,0,228,0,0
3907,0,0,1,0,0,0,0,128,0
3907,1,0,0,1,0,1,0,0,268
3907,0,0,0,0,0,0,0,0,0
3908,0,1,0,0,0,0,176,0,0
3908,1,0,1,0,0,0,0,264,0
3908,0,0,0,1,1,0,0,0,306
3908,0,0,0,0,0,0,0,0,0
3909,0,1,0,0,0,0,202,0,0
3909,1,0,1,0,0,0,0,162,0
3909,0,0,0,1,1,0,0,0,420
3909,0,0,0,0,0,0,0,0,0
4001,1,1,0,0,0,0,176,0,0
4001,0,0,1,0,0,0,0,298,0
4001,0,0,0,1,0,0,0,0,420
4001,0,0,0,0,0,0,0,0,0
4002,1,1,0,0,0,0,150,0,0
4002,0,0,1,0,0,0,0,196,0
4002,0,0,0,1,0,1,0,0,458
4002,0,0,0,0,0,0,0,0,0
4003,1,1,0,0,0,0,150,0,0
4003,0,0,1,0,0,0,0,264,0
4003,0,0,0,1,0,0,0,0,268
4003,0,0,0,0,0,0,0,0,0
4004,1,1,0,0,0,0,98,0,0
4004,0,0,1,0,0,0,0,196,0
4004,0,0,0,1,0,0,0,0,344
4004,0,0,0,0,0,0,0,0,0
4005,1,1,0,0,0,0,124,0,0
4005,0,0,1,0,0,0,0,230,0
4005,0,0,0,1,0,1,0,0,382
4005,0,0,0,0,0,0,0,0,0
4006,1,1,0,0,0,0,228,0,0
4006,0,0,1,0,0,0,0,298,0
4006,0,0,0,1,1,0,0,0,382
4006,0,0,0,0,0,0,0,0,0
4007,0,1,0,0,0,0,228,0,0
4007,1,0,1,0,0,0,0,128,0
4007,0,0,0,1,0,1,0,0,268
4007,0,0,0,0,0,0,0,0,0
4008,1,1,0,0,0,0,176,0,0
4008,0,0,1,0,0,0,0,264,0
4008,0,0,0,1,1,0,0,0,306
4008,0,0,0,0,0,0,0,0,0
4009,0,1,0,0,0,0,202,0,0
4009,1,0,1,0,0,0,0,162,0
4009,0,0,0,1,1,0,0,0,420
4009,0,0,0,0,0,0,0,0,0
4101,0,1,0,0,0,0,176,0,0
4101,1,0,1,0,0,0,0,298,0
4101,0,0,0,1,0,0,0,0,420
4101,0,0,0,0,0,0,0,0,0
4102,0,1,0,0,0,0,150,0,0
4102,1,0,1,0,0,0,0,196,0
4102,0,0,0,1,0,1,0,0,458
4102,0,0,0,0,0,0,0,0,0
4103,0,1,0,0,0,0,150,0,0
4103,1,0,1,0,0,0,0,264,0
4103,0,0,0,1,0,0,0,0,268
4103,0,0,0,0,0,0,0,0,0
4104,0,1,0,0,0,0,98,0,0
4104,1,0,1,0,0,0,0,196,0
4104,0,0,0,1,0,0,0,0,344
4104,0,0,0,0,0,0,0,0,0
4105,0,1,0,0,0,0,124,0,0
4105,1,0,1,0,0,0,0,230,0
4105,0,0,0,1,0,1,0,0,382
4105,0,0,0,0,0,0,0,0,0
4106,0,1,0,0,0,0,228,0,0
4106,0,0,1,0,0,0,0,298,0
4106,0,0,0,1,1,0,0,0,382
4106,1,0,0,0,0,0,0,0,0
4107,0,1,0,0,0,0,228,0,0
4107,1,0,1,0,0,0,0,128,0
4107,0,0,0,1,0,1,0,0,268
4107,0,0,0,0,0,0,0,0,0
4108,0,1,0,0,0,0,176,0,0
4108,0,0,1,0,0,0,0,264,0
4108,0,0,0,1,1,0,0,0,306
4108,1,0,0,0,0,0,0,0,0
4109,0,1,0,0,0,0,202,0,0
4109,1,0,1,0,0,0,0,162,0
4109,0,0,0,1,1,0,0,0,420
4109,0,0,0,0,0,0,0,0,0
4201,0,1,0,0,0,0,176,0,0
4201,1,0,1,0,0,0,0,298,0
4201,0,0,0,1,0,0,0,0,420
4201,0,0,0,0,0,0,0,0,0
4202,0,1,0,0,0,0,150,0,0
4202,1,0,1,0,0,0,0,196,0
4202,0,0,0,1,0,1,0,0,458
4202,0,0,0,0,0,0,0,0,0
4203,0,1,0,0,0,0,150,0,0
4203,1,0,1,0,0,0,0,264,0
4203,0,0,0,1,0,0,0,0,268
4203,0,0,0,0,0,0,0,0,0
4204,0,1,0,0,0,0,98,0,0
4204,1,0,1,0,0,0,0,196,0
4204,0,0,0,1,0,0,0,0,344
4204,0,0,0,0,0,0,0,0,0
4205,0,1,0,0,0,0,124,0,0
4205,1,0,1,0,0,0,0,230,0
4205,0,0,0,1,0,1,0,0,382
4205,0,0,0,0,0,0,0,0,0
4206,0,1,0,0,0,0,228,0,0
4206,1,0,1,0,0,0,0,298,0
4206,0,0,0,1,1,0,0,0,382
4206,0,0,0,0,0,0,0,0,0
4207,0,1,0,0,0,0,228,0,0
4207,1,0,1,0,0,0,0,128,0
4207,0,0,0,1,0,1,0,0,268
4207,0,0,0,0,0,0,0,0,0
4208,0,1,0,0,0,0,176,0,0
4208,1,0,1,0,0,0,0,264,0
4208,0,0,0,1,1,0,0,0,306
4208,0,0,0,0,0,0,0,0,0
4209,0,1,0,0,0,0,202,0,0
4209,1,0,1,0,0,0,0,162,0
4209,0,0,0,1,1,0,0,0,420
4209,0,0,0,0,0,0,0,0,0
4301,1,1,0,0,0,0,176,0,0
4301,0,0,1,0,0,0,0,298,0
4301,0,0,0,1,0,0,0,0,420
4301,0,0,0,0,0,0,0,0,0
4302,0,1,0,0,0,0,150,0,0
4302,1,0,1,0,0,0,0,196,0
4302,0,0,0,1,0,1,0,0,458
4302,0,0,0,0,0,0,0,0,0
4303,0,1,0,0,0,0,150,0,0
4303,1,0,1,0,0,0,0,264,0
4303,0,0,0,1,0,0,0,0,268
4303,0,0,0,0,0,0,0,0,0
4304,0,1,0,0,0,0,98,0,0
4304,1,0,1,0,0,0,0,196,0
4304,0,0,0,1,0,0,0,0,344
4304,0,0,0,0,0,0,0,0,0
4305,0,1,0,0,0,0,124,0,0
4305,1,0,1,0,0,0,0,230,0
4305,0,0,0,1,0,1,0,0,382
4305,0,0,0,0,0,0,0,0,0
4306,0,1,0,0,0,0,228,0,0
4306,0,0,1,0,0,0,0,298,0
4306,1,0,0,1,1,0,0,0,382
4306,0,0,0,0,0,0,0,0,0
4307,0,1,0,0,0,0,228,0,0
4307,0,0,1,0,0,0,0,128,0
4307,1,0,0,1,0,1,0,0,268
4307,0,0,0,0,0,0,0,0,0
4308,0,1,0,0,0,0,176,0,0
4308,1,0,1,0,0,0,0,264,0
4308,0,0,0,1,1,0,0,0,306
4308,0,0,0,0,0,0,0,0,0
4309,0,1,0,0,0,0,202,0,0
4309,0,0,1,0,0,0,0,162,0
4309,1,0,0,1,1,0,0,0,420
4309,0,0,0,0,0,0,0,0,0
4401,0,1,0,0,0,0,176,0,0
4401,0,0,1,0,0,0,0,298,0
4401,1,0,0,1,0,0,0,0,420
4401,0,0,0,0,0,0,0,0,0
4402,0,1,0,0,0,0,150,0,0
4402,0,0,1,0,0,0,0,196,0
4402,1,0,0,1,0,1,0,0,458
4402,0,0,0,0,0,0,0,0,0
4403,0,1,0,0,0,0,150,0,0
4403,0,0,1,0,0,0,0,264,0
4403,1,0,0,1,0,0,0,0,268
4403,0,0,0,0,0,0,0,0,0
4404,0,1,0,0,0,0,98,0,0
4404,0,0,1,0,0,0,0,196,0
4404,1,0,0,1,0,0,0,0,344
4404,0,0,0,0,0,0,0,0,0
4405,0,1,0,0,0,0,124,0,0
4405,0,0,1,0,0,0,0,230,0
4405,1,0,0,1,0,1,0,0,382
4405,0,0,0,0,0,0,0,0,0
4406,0,1,0,0,0,0,228,0,0
4406,0,0,1,0,0,0,0,298,0
4406,1,0,0,1,1,0,0,0,382
4406,0,0,0,0,0,0,0,0,0
4407,0,1,0,0,0,0,228,0,0
4407,0,0,1,0,0,0,0,128,0
4407,1,0,0,1,0,1,0,0,268
4407,0,0,0,0,0,0,0,0,0
4408,0,1,0,0,0,0,176,0,0
4408,0,0,1,0,0,0,0,264,0
4408,1,0,0,1,1,0,0,0,306
4408,0,0,0,0,0,0,0,0,0
4409,0,1,0,0,0,0,202,0,0
4409,0,0,1,0,0,0,0,162,0
4409,1,0,0,1,1,0,0,0,420
4409,0,0,0,0,0,0,0,0,0
4501,0,1,0,0,0,0,176,0,0
4501,1,0,1,0,0,0,0,298,0
4501,0,0,0,1,0,0,0,0,420
4501,0,0,0,0,0,0,0,0,0
4502,0,1,0,0,0,0,150,0,0
4502,1,0,1,0,0,0,0,196,0
4502,0,0,0,1,0,1,0,0,458
4502,0,0,0,0,0,0,0,0,0
4503,1,1,0,0,0,0,150,0,0
4503,0,0,1,0,0,0,0,264,0
4503,0,0,0,1,0,0,0,0,268
4503,0,0,0,0,0,0,0,0,0
4504,1,1,0,0,0,0,98,0,0
4504,0,0,1,0,0,0,0,196,0
4504,0,0,0,1,0,0,0,0,344
4504,0,0,0,0,0,0,0,0,0
4505,1,1,0,0,0,0,124,0,0
4505,0,0,1,0,0,0,0,230,0
4505,0,0,0,1,0,1,0,0,382
4505,0,0,0,0,0,0,0,0,0
4506,1,1,0,0,0,0,228,0,0
4506,0,0,1,0,0,0,0,298,0
4506,0,0,0,1,1,0,0,0,382
4506,0,0,0,0,0,0,0,0,0
4507,1,1,0,0,0,0,228,0,0
4507,0,0,1,0,0,0,0,128,0
4507,0,0,0,1,0,1,0,0,268
4507,0,0,0,0,0,0,0,0,0
4508,1,1,0,0,0,0,176,0,0
4508,0,0,1,0,0,0,0,264,0
4508,0,0,0,1,1,0,0,0,306
4508,0,0,0,0,0,0,0,0,0
4509,1,1,0,0,0,0,202,0,0
4509,0,0,1,0,0,0,0,162,0
4509,0,0,0,1,1,0,0,0,420
4509,0,0,0,0,0,0,0,0,0
4601,0,1,0,0,0,0,176,0,0
4601,1,0,1,0,0,0,0,298,0
4601,0,0,0,1,0,0,0,0,420
4601,0,0,0,0,0,0,0,0,0
4602,0,1,0,0,0,0,150,0,0
4602,1,0,1,0,0,0,0,196,0
4602,0,0,0,1,0,1,0,0,458
4602,0,0,0,0,0,0,0,0,0
4603,0,1,0,0,0,0,150,0,0
4603,1,0,1,0,0,0,0,264,0
4603,0,0,0,1,0,0,0,0,268
4603,0,0,0,0,0,0,0,0,0
4604,0,1,0,0,0,0,98,0,0
4604,1,0,1,0,0,0,0,196,0
4604,0,0,0,1,0,0,0,0,344
4604,0,0,0,0,0,0,0,0,0
4605,0,1,0,0,0,0,124,0,0
4605,1,0,1,0,0,0,0,230,0
4605,0,0,0,1,0,1,0,0,382
4605,0,0,0,0,0,0,0,0,0
4606,0,1,0,0,0,0,228,0,0
4606,1,0,1,0,0,0,0,298,0
4606,0,0,0,1,1,0,0,0,382
4606,0,0,0,0,0,0,0,0,0
4607,0,1,0,0,0,0,228,0,0
4607,1,0,1,0,0,0,0,128,0
4607,0,0,0,1,0,1,0,0,268
4607,0,0,0,0,0,0,0,0,0
4608,0,1,0,0,0,0,176,0,0
4608,1,0,1,0,0,0,0,264,0
4608,0,0,0,1,1,0,0,0,306
4608,0,0,0,0,0,0,0,0,0
4609,0,1,0,0,0,0,202,0,0
4609,1,0,1,0,0,0,0,162,0
4609,0,0,0,1,1,0,0,0,420
4609,0,0,0,0,0,0,0,0,0
4701,0,1,0,0,0,0,176,0,0
4701,0,0,1,0,0,0,0,298,0
4701,1,0,0,1,0,0,0,0,420
4701,0,0,0,0,0,0,0,0,0
4702,0,1,0,0,0,0,150,0,0
4702,0,0,1,0,0,0,0,196,0
4702,1,0,0,1,0,1,0,0,458
4702,0,0,0,0,0,0,0,0,0
4703,0,1,0,0,0,0,150,0,0
4703,0,0,1,0,0,0,0,264,0
4703,1,0,0,1,0,0,0,0,268
4703,0,0,0,0,0,0,0,0,0
4704,0,1,0,0,0,0,98,0,0
4704,0,0,1,0,0,0,0,196,0
4704,1,0,0,1,0,0,0,0,344
4704,0,0,0,0,0,0,0,0,0
4705,0,1,0,0,0,0,124,0,0
4705,0,0,1,0,0,0,0,230,0
4705,1,0,0,1,0,1,0,0,382
4705,0,0,0,0,0,0,0,0,0
4706,0,1,0,0,0,0,228,0,0
4706,0,0,1,0,0,0,0,298,0
4706,1,0,0,1,1,0,0,0,382
4706,0,0,0,0,0,0,0,0,0
4707,0,1,0,0,0,0,228,0,0
4707,0,0,1,0,0,0,0,128,0
4707,1,0,0,1,0,1,0,0,268
4707,0,0,0,0,0,0,0,0,0
4708,0,1,0,0,0,0,176,0,0
4708,0,0,1,0,0,0,0,264,0
4708,1,0,0,1,1,0,0,0,306
4708,0,0,0,0,0,0,0,0,0
4709,0,1,0,0,0,0,202,0,0
4709,0,0,1,0,0,0,0,162,0
4709,1,0,0,1,1,0,0,0,420
4709,0,0,0,0,0,0,0,0,0
4801,0,1,0,0,0,0,176,0,0
4801,1,0,1,0,0,0,0,298,0
4801,0,0,0,1,0,0,0,0,420
4801,0,0,0,0,0,0,0,0,0
4802,0,1,0,0,0,0,150,0,0
4802,1,0,1,0,0,0,0,196,0
4802,0,0,0,1,0,1,0,0,458
4802,0,0,0,0,0,0,0,0,0
4803,0,1,0,0,0,0,150,0,0
4803,0,0,1,0,0,0,0,264,0
4803,1,0,0,1,0,0,0,0,268
4803,0,0,0,0,0,0,0,0,0
4804,0,1,0,0,0,0,98,0,0
4804,1,0,1,0,0,0,0,196,0
4804,0,0,0,1,0,0,0,0,344
4804,0,0,0,0,0,0,0,0,0
4805,0,1,0,0,0,0,124,0,0
4805,1,0,1,0,0,0,0,230,0
4805,0,0,0,1,0,1,0,0,382
4805,0,0,0,0,0,0,0,0,0
4806,0,1,0,0,0,0,228,0,0
4806,1,0,1,0,0,0,0,298,0
4806,0,0,0,1,1,0,0,0,382
4806,0,0,0,0,0,0,0,0,0
4807,0,1,0,0,0,0,228,0,0
4807,1,0,1,0,0,0,0,128,0
4807,0,0,0,1,0,1,0,0,268
4807,0,0,0,0,0,0,0,0,0
4808,0,1,0,0,0,0,176,0,0
4808,1,0,1,0,0,0,0,264,0
4808,0,0,0,1,1,0,0,0,306
4808,0,0,0,0,0,0,0,0,0
4809,0,1,0,0,0,0,202,0,0
4809,1,0,1,0,0,0,0,162,0
4809,0,0,0,1,1,0,0,0,420
4809,0,0,0,0,0,0,0,0,0
4901,0,1,0,0,0,0,176,0,0
4901,1,0,1,0,0,0,0,298,0
4901,0,0,0,1,0,0,0,0,420
4901,0,0,0,0,0,0,0,0,0
4902,0,1,0,0,0,0,150,0,0
4902,1,0,1,0,0,0,0,196,0
4902,0,0,0,1,0,1,0,0,458
4902,0,0,0,0,0,0,0,0,0
4903,0,1,0,0,0,0,150,0,0
4903,1,0,1,0,0,0,0,264,0
4903,0,0,0,1,0,0,0,0,268
4903,0,0,0,0,0,0,0,0,0
4904,0,1,0,0,0,0,98,0,0
4904,1,0,1,0,0,0,0,196,0
4904,0,0,0,1,0,0,0,0,344
4904,0,0,0,0,0,0,0,0,0
4905,0,1,0,0,0,0,124,0,0
4905,1,0,1,0,0,0,0,230,0
4905,0,0,0,1,0,1,0,0,382
4905,0,0,0,0,0,0,0,0,0
4906,0,1,0,0,0,0,228,0,0
4906,1,0,1,0,0,0,0,298,0
4906,0,0,0,1,1,0,0,0,382
4906,0,0,0,0,0,0,0,0,0
4907,0,1,0,0,0,0,228,0,0
4907,1,0,1,0,0,0,0,128,0
4907,0,0,0,1,0,1,0,0,268
4907,0,0,0,0,0,0,0,0,0
4908,0,1,0,0,0,0,176,0,0
4908,1,0,1,0,0,0,0,264,0
4908,0,0,0,1,1,0,0,0,306
4908,0,0,0,0,0,0,0,0,0
4909,0,1,0,0,0,0,202,0,0
4909,1,0,1,0,0,0,0,162,0
4909,0,0,0,1,1,0,0,0,420
4909,0,0,0,0,0,0,0,0,0
5001,0,1,0,0,0,0,176,0,0
5001,1,0,1,0,0,0,0,298,0
5001,0,0,0,1,0,0,0,0,420
5001,0,0,0,0,0,0,0,0,0
5002,0,1,0,0,0,0,150,0,0
5002,1,0,1,0,0,0,0,196,0
5002,0,0,0,1,0,1,0,0,458
5002,0,0,0,0,0,0,0,0,0
5003,0,1,0,0,0,0,150,0,0
5003,0,0,1,0,0,0,0,264,0
5003,1,0,0,1,0,0,0,0,268
5003,0,0,0,0,0,0,0,0,0
5004,0,1,0,0,0,0,98,0,0
5004,0,0,1,0,0,0,0,196,0
5004,1,0,0,1,0,0,0,0,344
5004,0,0,0,0,0,0,0,0,0
5005,0,1,0,0,0,0,124,0,0
5005,0,0,1,0,0,0,0,230,0
5005,1,0,0,1,0,1,0,0,382
5005,0,0,0,0,0,0,0,0,0
5006,0,1,0,0,0,0,228,0,0
5006,0,0,1,0,0,0,0,298,0
5006,1,0,0,1,1,0,0,0,382
5006,0,0,0,0,0,0,0,0,0
5007,0,1,0,0,0,0,228,0,0
5007,0,0,1,0,0,0,0,128,0
5007,1,0,0,1,0,1,0,0,268
5007,0,0,0,0,0,0,0,0,0
5008,0,1,0,0,0,0,176,0,0
5008,0,0,1,0,0,0,0,264,0
5008,1,0,0,1,1,0,0,0,306
5008,0,0,0,0,0,0,0,0,0
5009,0,1,0,0,0,0,202,0,0
5009,1,0,1,0,0,0,0,162,0
5009,0,0,0,1,1,0,0,0,420
5009,0,0,0,0,0,0,0,0,0
5101,0,1,0,0,0,0,202,0,0
5101,1,0,1,0,0,0,0,196,0
5101,0,0,0,1,1,0,0,0,268
5101,0,0,0,0,0,0,0,0,0
5102,0,1,0,0,0,0,228,0,0
5102,1,0,1,0,0,0,0,162,0
5102,0,0,0,1,0,0,0,0,458
5102,0,0,0,0,0,0,0,0,0
5103,0,1,0,0,0,0,228,0,0
5103,1,0,1,0,0,0,0,264,0
5103,0,0,0,1,0,1,0,0,420
5103,0,0,0,0,0,0,0,0,0
5104,0,1,0,0,0,0,124,0,0
5104,1,0,1,0,0,0,0,128,0
5104,0,0,0,1,0,1,0,0,306
5104,0,0,0,0,0,0,0,0,0
5105,0,1,0,0,0,0,150,0,0
5105,1,0,1,0,0,0,0,162,0
5105,0,0,0,1,1,0,0,0,382
5105,0,0,0,0,0,0,0,0,0
5106,0,1,0,0,0,0,98,0,0
5106,0,0,1,0,0,0,0,298,0
5106,1,0,0,1,0,1,0,0,268
5106,0,0,0,0,0,0,0,0,0
5107,0,1,0,0,0,0,124,0,0
5107,0,0,1,0,0,0,0,298,0
5107,1,0,0,1,1,0,0,0,344
5107,0,0,0,0,0,0,0,0,0
5108,0,1,0,0,0,0,176,0,0
5108,1,0,1,0,0,0,0,128,0
5108,0,0,0,1,0,0,0,0,458
5108,0,0,0,0,0,0,0,0,0
5109,0,1,0,0,0,0,202,0,0
5109,1,0,1,0,0,0,0,230,0
5109,0,0,0,1,0,0,0,0,306
5109,0,0,0,0,0,0,0,0,0
5201,0,1,0,0,0,0,202,0,0
5201,0,0,1,0,0,0,0,196,0
5201,1,0,0,1,1,0,0,0,268
5201,0,0,0,0,0,0,0,0,0
5202,0,1,0,0,0,0,228,0,0
5202,0,0,1,0,0,0,0,162,0
5202,1,0,0,1,0,0,0,0,458
5202,0,0,0,0,0,0,0,0,0
5203,0,1,0,0,0,0,228,0,0
5203,0,0,1,0,0,0,0,264,0
5203,1,0,0,1,0,1,0,0,420
5203,0,0,0,0,0,0,0,0,0
5204,0,1,0,0,0,0,124,0,0
5204,0,0,1,0,0,0,0,128,0
5204,1,0,0,1,0,1,0,0,306
5204,0,0,0,0,0,0,0,0,0
5205,0,1,0,0,0,0,150,0,0
5205,0,0,1,0,0,0,0,162,0
5205,1,0,0,1,1,0,0,0,382
5205,0,0,0,0,0,0,0,0,0
5206,0,1,0,0,0,0,98,0,0
5206,0,0,1,0,0,0,0,298,0
5206,1,0,0,1,0,1,0,0,268
5206,0,0,0,0,0,0,0,0,0
5207,0,1,0,0,0,0,124,0,0
5207,0,0,1,0,0,0,0,298,0
5207,1,0,0,1,1,0,0,0,344
5207,0,0,0,0,0,0,0,0,0
5208,0,1,0,0,0,0,176,0,0
5208,1,0,1,0,0,0,0,128,0
5208,0,0,0,1,0,0,0,0,458
5208,0,0,0,0,0,0,0,0,0
5209,0,1,0,0,0,0,202,0,0
5209,0,0,1,0,0,0,0,230,0
5209,1,0,0,1,0,0,0,0,306
5209,0,0,0,0,0,0,0,0,0
5301,0,1,0,0,0,0,202,0,0
5301,1,0,1,0,0,0,0,196,0
5301,0,0,0,1,1,0,0,0,268
5301,0,0,0,0,0,0,0,0,0
5302,0,1,0,0,0,0,228,0,0
5302,1,0,1,0,0,0,0,162,0
5302,0,0,0,1,0,0,0,0,458
5302,0,0,0,0,0,0,0,0,0
5303,0,1,0,0,0,0,228,0,0
5303,1,0,1,0,0,0,0,264,0
5303,0,0,0,1,0,1,0,0,420
5303,0,0,0,0,0,0,0,0,0
5304,0,1,0,0,0,0,124,0,0
5304,1,0,1,0,0,0,0,128,0
5304,0,0,0,1,0,1,0,0,306
5304,0,0,0,0,0,0,0,0,0
5305,0,1,0,0,0,0,150,0,0
5305,1,0,1,0,0,0,0,162,0
5305,0,0,0,1,1,0,0,0,382
5305,0,0,0,0,0,0,0,0,0
5306,0,1,0,0,0,0,98,0,0
5306,0,0,1,0,0,0,0,298,0
5306,1,0,0,1,0,1,0,0,268
5306,0,0,0,0,0,0,0,0,0
5307,0,1,0,0,0,0,124,0,0
5307,1,0,1,0,0,0,0,298,0
5307,0,0,0,1,1,0,0,0,344
5307,0,0,0,0,0,0,0,0,0
5308,0,1,0,0,0,0,176,0,0
5308,1,0,1,0,0,0,0,128,0
5308,0,0,0,1,0,0,0,0,458
5308,0,0,0,0,0,0,0,0,0
5309,0,1,0,0,0,0,202,0,0
5309,1,0,1,0,0,0,0,230,0
5309,0,0,0,1,0,0,0,0,306
5309,0,0,0,0,0,0,0,0,0
5401,0,1,0,0,0,0,202,0,0
5401,1,0,1,0,0,0,0,196,0
5401,0,0,0,1,1,0,0,0,268
5401,0,0,0,0,0,0,0,0,0
5402,0,1,0,0,0,0,228,0,0
5402,1,0,1,0,0,0,0,162,0
5402,0,0,0,1,0,0,0,0,458
5402,0,0,0,0,0,0,0,0,0
5403,0,1,0,0,0,0,228,0,0
5403,1,0,1,0,0,0,0,264,0
5403,0,0,0,1,0,1,0,0,420
5403,0,0,0,0,0,0,0,0,0
5404,0,1,0,0,0,0,124,0,0
5404,1,0,1,0,0,0,0,128,0
5404,0,0,0,1,0,1,0,0,306
5404,0,0,0,0,0,0,0,0,0
5405,0,1,0,0,0,0,150,0,0
5405,1,0,1,0,0,0,0,162,0
5405,0,0,0,1,1,0,0,0,382
5405,0,0,0,0,0,0,0,0,0
5406,0,1,0,0,0,0,98,0,0
5406,1,0,1,0,0,0,0,298,0
5406,0,0,0,1,0,1,0,0,268
5406,0,0,0,0,0,0,0,0,0
5407,0,1,0,0,0,0,124,0,0
5407,1,0,1,0,0,0,0,298,0
5407,0,0,0,1,1,0,0,0,344
5407,0,0,0,0,0,0,0,0,0
5408,0,1,0,0,0,0,176,0,0
5408,1,0,1,0,0,0,0,128,0
5408,0,0,0,1,0,0,0,0,458
5408,0,0,0,0,0,0,0,0,0
5409,0,1,0,0,0,0,202,0,0
5409,1,0,1,0,0,0,0,230,0
5409,0,0,0,1,0,0,0,0,306
5409,0,0,0,0,0,0,0,0,0
5501,0,1,0,0,0,0,202,0,0
5501,0,0,1,0,0,0,0,196,0
5501,1,0,0,1,1,0,0,0,268
5501,0,0,0,0,0,0,0,0,0
5502,0,1,0,0,0,0,228,0,0
5502,1,0,1,0,0,0,0,162,0
5502,0,0,0,1,0,0,0,0,458
5502,0,0,0,0,0,0,0,0,0
5503,0,1,0,0,0,0,228,0,0
5503,1,0,1,0,0,0,0,264,0
5503,0,0,0,1,0,1,0,0,420
5503,0,0,0,0,0,0,0,0,0
5504,0,1,0,0,0,0,124,0,0
5504,0,0,1,0,0,0,0,128,0
5504,1,0,0,1,0,1,0,0,306
5504,0,0,0,0,0,0,0,0,0
5505,0,1,0,0,0,0,150,0,0
5505,1,0,1,0,0,0,0,162,0
5505,0,0,0,1,1,0,0,0,382
5505,0,0,0,0,0,0,0,0,0
5506,0,1,0,0,0,0,98,0,0
5506,0,0,1,0,0,0,0,298,0
5506,1,0,0,1,0,1,0,0,268
5506,0,0,0,0,0,0,0,0,0
5507,0,1,0,0,0,0,124,0,0
5507,0,0,1,0,0,0,0,298,0
5507,1,0,0,1,1,0,0,0,344
5507,0,0,0,0,0,0,0,0,0
5508,0,1,0,0,0,0,176,0,0
5508,1,0,1,0,0,0,0,128,0
5508,0,0,0,1,0,0,0,0,458
5508,0,0,0,0,0,0,0,0,0
5509,0,1,0,0,0,0,202,0,0
5509,1,0,1,0,0,0,0,230,0
5509,0,0,0,1,0,0,0,0,306
5509,0,0,0,0,0,0,0,0,0
5601,0,1,0,0,0,0,202,0,0
5601,0,0,1,0,0,0,0,196,0
5601,1,0,0,1,1,0,0,0,268
5601,0,0,0,0,0,0,0,0,0
5602,0,1,0,0,0,0,228,0,0
5602,0,0,1,0,0,0,0,162,0
5602,1,0,0,1,0,0,0,0,458
5602,0,0,0,0,0,0,0,0,0
5603,0,1,0,0,0,0,228,0,0
5603,0,0,1,0,0,0,0,264,0
5603,1,0,0,1,0,1,0,0,420
5603,0,0,0,0,0,0,0,0,0
5604,0,1,0,0,0,0,124,0,0
5604,0,0,1,0,0,0,0,128,0
5604,1,0,0,1,0,1,0,0,306
5604,0,0,0,0,0,0,0,0,0
5605,0,1,0,0,0,0,150,0,0
5605,0,0,1,0,0,0,0,162,0
5605,1,0,0,1,1,0,0,0,382
5605,0,0,0,0,0,0,0,0,0
5606,0,1,0,0,0,0,98,0,0
5606,0,0,1,0,0,0,0,298,0
5606,1,0,0,1,0,1,0,0,268
5606,0,0,0,0,0,0,0,0,0
5607,0,1,0,0,0,0,124,0,0
5607,0,0,1,0,0,0,0,298,0
5607,1,0,0,1,1,0,0,0,344
5607,0,0,0,0,0,0,0,0,0
5608,0,1,0,0,0,0,176,0,0
5608,0,0,1,0,0,0,0,128,0
5608,1,0,0,1,0,0,0,0,458
5608,0,0,0,0,0,0,0,0,0
5609,0,1,0,0,0,0,202,0,0
5609,0,0,1,0,0,0,0,230,0
5609,1,0,0,1,0,0,0,0,306
5609,0,0,0,0,0,0,0,0,0
5701,0,1,0,0,0,0,202,0,0
5701,0,0,1,0,0,0,0,196,0
5701,1,0,0,1,1,0,0,0,268
5701,0,0,0,0,0,0,0,0,0
5702,0,1,0,0,0,0,228,0,0
5702,0,0,1,0,0,0,0,162,0
5702,0,0,0,1,0,0,0,0,458
5702,1,0,0,0,0,0,0,0,0
5703,0,1,0,0,0,0,228,0,0
5703,0,0,1,0,0,0,0,264,0
5703,1,0,0,1,0,1,0,0,420
5703,0,0,0,0,0,0,0,0,0
5704,0,1,0,0,0,0,124,0,0
5704,0,0,1,0,0,0,0,128,0
5704,1,0,0,1,0,1,0,0,306
5704,0,0,0,0,0,0,0,0,0
5705,0,1,0,0,0,0,150,0,0
5705,0,0,1,0,0,0,0,162,0
5705,1,0,0,1,1,0,0,0,382
5705,0,0,0,0,0,0,0,0,0
5706,0,1,0,0,0,0,98,0,0
5706,0,0,1,0,0,0,0,298,0
5706,1,0,0,1,0,1,0,0,268
5706,0,0,0,0,0,0,0,0,0
5707,0,1,0,0,0,0,124,0,0
5707,0,0,1,0,0,0,0,298,0
5707,1,0,0,1,1,0,0,0,344
5707,0,0,0,0,0,0,0,0,0
5708,0,1,0,0,0,0,176,0,0
5708,0,0,1,0,0,0,0,128,0
5708,0,0,0,1,0,0,0,0,458
5708,1,0,0,0,0,0,0,0,0
5709,0,1,0,0,0,0,202,0,0
5709,0,0,1,0,0,0,0,230,0
5709,0,0,0,1,0,0,0,0,306
5709,1,0,0,0,0,0,0,0,0
5801,0,1,0,0,0,0,202,0,0
5801,0,0,1,0,0,0,0,196,0
5801,1,0,0,1,1,0,0,0,268
5801,0,0,0,0,0,0,0,0,0
5802,0,1,0,0,0,0,228,0,0
5802,0,0,1,0,0,0,0,162,0
5802,1,0,0,1,0,0,0,0,458
5802,0,0,0,0,0,0,0,0,0
5803,0,1,0,0,0,0,228,0,0
5803,0,0,1,0,0,0,0,264,0
5803,1,0,0,1,0,1,0,0,420
5803,0,0,0,0,0,0,0,0,0
5804,0,1,0,0,0,0,124,0,0
5804,0,0,1,0,0,0,0,128,0
5804,1,0,0,1,0,1,0,0,306
5804,0,0,0,0,0,0,0,0,0
5805,0,1,0,0,0,0,150,0,0
5805,0,0,1,0,0,0,0,162,0
5805,1,0,0,1,1,0,0,0,382
5805,0,0,0,0,0,0,0,0,0
5806,0,1,0,0,0,0,98,0,0
5806,0,0,1,0,0,0,0,298,0
5806,1,0,0,1,0,1,0,0,268
5806,0,0,0,0,0,0,0,0,0
5807,0,1,0,0,0,0,124,0,0
5807,0,0,1,0,0,0,0,298,0
5807,1,0,0,1,1,0,0,0,344
5807,0,0,0,0,0,0,0,0,0
5808,0,1,0,0,0,0,176,0,0
5808,1,0,1,0,0,0,0,128,0
5808,0,0,0,1,0,0,0,0,458
5808,0,0,0,0,0,0,0,0,0
5809,0,1,0,0,0,0,202,0,0
5809,1,0,1,0,0,0,0,230,0
5809,0,0,0,1,0,0,0,0,306
5809,0,0,0,0,0,0,0,0,0
5901,0,1,0,0,0,0,202,0,0
5901,0,0,1,0,0,0,0,196,0
5901,1,0,0,1,1,0,0,0,268
5901,0,0,0,0,0,0,0,0,0
5902,0,1,0,0,0,0,228,0,0
5902,0,0,1,0,0,0,0,162,0
5902,1,0,0,1,0,0,0,0,458
5902,0,0,0,0,0,0,0,0,0
5903,0,1,0,0,0,0,228,0,0
5903,0,0,1,0,0,0,0,264,0
5903,1,0,0,1,0,1,0,0,420
5903,0,0,0,0,0,0,0,0,0
5904,0,1,0,0,0,0,124,0,0
5904,0,0,1,0,0,0,0,128,0
5904,1,0,0,1,0,1,0,0,306
5904,0,0,0,0,0,0,0,0,0
5905,0,1,0,0,0,0,150,0,0
5905,0,0,1,0,0,0,0,162,0
5905,1,0,0,1,1,0,0,0,382
5905,0,0,0,0,0,0,0,0,0
5906,0,1,0,0,0,0,98,0,0
5906,0,0,1,0,0,0,0,298,0
5906,1,0,0,1,0,1,0,0,268
5906,0,0,0,0,0,0,0,0,0
5907,0,1,0,0,0,0,124,0,0
5907,0,0,1,0,0,0,0,298,0
5907,1,0,0,1,1,0,0,0,344
5907,0,0,0,0,0,0,0,0,0
5908,0,1,0,0,0,0,176,0,0
5908,0,0,1,0,0,0,0,128,0
5908,1,0,0,1,0,0,0,0,458
5908,0,0,0,0,0,0,0,0,0
5909,0,1,0,0,0,0,202,0,0
5909,0,0,1,0,0,0,0,230,0
5909,1,0,0,1,0,0,0,0,306
5909,0,0,0,0,0,0,0,0,0
6001,0,1,0,0,0,0,202,0,0
6001,0,0,1,0,0,0,0,196,0
6001,1,0,0,1,1,0,0,0,268
6001,0,0,0,0,0,0,0,0,0
6002,0,1,0,0,0,0,228,0,0
6002,1,0,1,0,0,0,0,162,0
6002,0,0,0,1,0,0,0,0,458
6002,0,0,0,0,0,0,0,0,0
6003,0,1,0,0,0,0,228,0,0
6003,1,0,1,0,0,0,0,264,0
6003,0,0,0,1,0,1,0,0,420
6003,0,0,0,0,0,0,0,0,0
6004,0,1,0,0,0,0,124,0,0
6004,0,0,1,0,0,0,0,128,0
6004,1,0,0,1,0,1,0,0,306
6004,0,0,0,0,0,0,0,0,0
6005,0,1,0,0,0,0,150,0,0
6005,1,0,1,0,0,0,0,162,0
6005,0,0,0,1,1,0,0,0,382
6005,0,0,0,0,0,0,0,0,0
6006,0,1,0,0,0,0,98,0,0
6006,0,0,1,0,0,0,0,298,0
6006,1,0,0,1,0,1,0,0,268
6006,0,0,0,0,0,0,0,0,0
6007,0,1,0,0,0,0,124,0,0
6007,0,0,1,0,0,0,0,298,0
6007,1,0,0,1,1,0,0,0,344
6007,0,0,0,0,0,0,0,0,0
6008,0,1,0,0,0,0,176,0,0
6008,1,0,1,0,0,0,0,128,0
6008,0,0,0,1,0,0,0,0,458
6008,0,0,0,0,0,0,0,0,0
6009,0,1,0,0,0,0,202,0,0
6009,0,0,1,0,0,0,0,230,0
6009,1,0,0,1,0,0,0,0,306
6009,0,0,0,0,0,0,0,0,0
6101,0,1,0,0,0,0,202,0,0
6101,0,0,1,0,0,0,0,196,0
6101,1,0,0,1,1,0,0,0,268
6101,0,0,0,0,0,0,0,0,0
6102,0,1,0,0,0,0,228,0,0
6102,0,0,1,0,0,0,0,162,0
6102,1,0,0,1,0,0,0,0,458
6102,0,0,0,0,0,0,0,0,0
6103,0,1,0,0,0,0,228,0,0
6103,0,0,1,0,0,0,0,264,0
6103,1,0,0,1,0,1,0,0,420
6103,0,0,0,0,0,0,0,0,0
6104,0,1,0,0,0,0,124,0,0
6104,0,0,1,0,0,0,0,128,0
6104,1,0,0,1,0,1,0,0,306
6104,0,0,0,0,0,0,0,0,0
6105,0,1,0,0,0,0,150,0,0
6105,0,0,1,0,0,0,0,162,0
6105,1,0,0,1,1,0,0,0,382
6105,0,0,0,0,0,0,0,0,0
6106,0,1,0,0,0,0,98,0,0
6106,0,0,1,0,0,0,0,298,0
6106,1,0,0,1,0,1,0,0,268
6106,0,0,0,0,0,0,0,0,0
6107,0,1,0,0,0,0,124,0,0
6107,0,0,1,0,0,0,0,298,0
6107,1,0,0,1,1,0,0,0,344
6107,0,0,0,0,0,0,0,0,0
6108,0,1,0,0,0,0,176,0,0
6108,0,0,1,0,0,0,0,128,0
6108,0,0,0,1,0,0,0,0,458
6108,1,0,0,0,0,0,0,0,0
6109,0,1,0,0,0,0,202,0,0
6109,0,0,1,0,0,0,0,230,0
6109,1,0,0,1,0,0,0,0,306
6109,0,0,0,0,0,0,0,0,0
6201,0,1,0,0,0,0,202,0,0
6201,1,0,1,0,0,0,0,196,0
6201,0,0,0,1,1,0,0,0,268
6201,0,0,0,0,0,0,0,0,0
6202,0,1,0,0,0,0,228,0,0
6202,1,0,1,0,0,0,0,162,0
6202,0,0,0,1,0,0,0,0,458
6202,0,0,0,0,0,0,0,0,0
6203,0,1,0,0,0,0,228,0,0
6203,1,0,1,0,0,0,0,264,0
6203,0,0,0,1,0,1,0,0,420
6203,0,0,0,0,0,0,0,0,0
6204,0,1,0,0,0,0,124,0,0
6204,1,0,1,0,0,0,0,128,0
6204,0,0,0,1,0,1,0,0,306
6204,0,0,0,0,0,0,0,0,0
6205,0,1,0,0,0,0,150,0,0
6205,1,0,1,0,0,0,0,162,0
6205,0,0,0,1,1,0,0,0,382
6205,0,0,0,0,0,0,0,0,0
6206,0,1,0,0,0,0,98,0,0
6206,0,0,1,0,0,0,0,298,0
6206,0,0,0,1,0,1,0,0,268
6206,1,0,0,0,0,0,0,0,0
6207,0,1,0,0,0,0,124,0,0
6207,0,0,1,0,0,0,0,298,0
6207,0,0,0,1,1,0,0,0,344
6207,1,0,0,0,0,0,0,0,0
6208,0,1,0,0,0,0,176,0,0
6208,1,0,1,0,0,0,0,128,0
6208,0,0,0,1,0,0,0,0,458
6208,0,0,0,0,0,0,0,0,0
6209,0,1,0,0,0,0,202,0,0
6209,0,0,1,0,0,0,0,230,0
6209,0,0,0,1,0,0,0,0,306
6209,1,0,0,0,0,0,0,0,0
6301,0,1,0,0,0,0,202,0,0
6301,1,0,1,0,0,0,0,196,0
6301,0,0,0,1,1,0,0,0,268
6301,0,0,0,0,0,0,0,0,0
6302,0,1,0,0,0,0,228,0,0
6302,1,0,1,0,0,0,0,162,0
6302,0,0,0,1,0,0,0,0,458
6302,0,0,0,0,0,0,0,0,0
6303,0,1,0,0,0,0,228,0,0
6303,1,0,1,0,0,0,0,264,0
6303,0,0,0,1,0,1,0,0,420
6303,0,0,0,0,0,0,0,0,0
6304,0,1,0,0,0,0,124,0,0
6304,0,0,1,0,0,0,0,128,0
6304,1,0,0,1,0,1,0,0,306
6304,0,0,0,0,0,0,0,0,0
6305,0,1,0,0,0,0,150,0,0
6305,1,0,1,0,0,0,0,162,0
6305,0,0,0,1,1,0,0,0,382
6305,0,0,0,0,0,0,0,0,0
6306,0,1,0,0,0,0,98,0,0
6306,0,0,1,0,0,0,0,298,0
6306,1,0,0,1,0,1,0,0,268
6306,0,0,0,0,0,0,0,0,0
6307,0,1,0,0,0,0,124,0,0
6307,0,0,1,0,0,0,0,298,0
6307,1,0,0,1,1,0,0,0,344
6307,0,0,0,0,0,0,0,0,0
6308,0,1,0,0,0,0,176,0,0
6308,1,0,1,0,0,0,0,128,0
6308,0,0,0,1,0,0,0,0,458
6308,0,0,0,0,0,0,0,0,0
6309,0,1,0,0,0,0,202,0,0
6309,0,0,1,0,0,0,0,230,0
6309,1,0,0,1,0,0,0,0,306
6309,0,0,0,0,0,0,0,0,0
6401,0,1,0,0,0,0,202,0,0
6401,1,0,1,0,0,0,0,196,0
6401,0,0,0,1,1,0,0,0,268
6401,0,0,0,0,0,0,0,0,0
6402,0,1,0,0,0,0,228,0,0
6402,1,0,1,0,0,0,0,162,0
6402,0,0,0,1,0,0,0,0,458
6402,0,0,0,0,0,0,0,0,0
6403,0,1,0,0,0,0,228,0,0
6403,1,0,1,0,0,0,0,264,0
6403,0,0,0,1,0,1,0,0,420
6403,0,0,0,0,0,0,0,0,0
6404,0,1,0,0,0,0,124,0,0
6404,1,0,1,0,0,0,0,128,0
6404,0,0,0,1,0,1,0,0,306
6404,0,0,0,0,0,0,0,0,0
6405,0,1,0,0,0,0,150,0,0
6405,1,0,1,0,0,0,0,162,0
6405,0,0,0,1,1,0,0,0,382
6405,0,0,0,0,0,0,0,0,0
6406,1,1,0,0,0,0,98,0,0
6406,0,0,1,0,0,0,0,298,0
6406,0,0,0,1,0,1,0,0,268
6406,0,0,0,0,0,0,0,0,0
6407,1,1,0,0,0,0,124,0,0
6407,0,0,1,0,0,0,0,298,0
6407,0,0,0,1,1,0,0,0,344
6407,0,0,0,0,0,0,0,0,0
6408,0,1,0,0,0,0,176,0,0
6408,1,0,1,0,0,0,0,128,0
6408,0,0,0,1,0,0,0,0,458
6408,0,0,0,0,0,0,0,0,0
6409,1,1,0,0,0,0,202,0,0
6409,0,0,1,0,0,0,0,230,0
6409,0,0,0,1,0,0,0,0,306
6409,0,0,0,0,0,0,0,0,0
6501,0,1,0,0,0,0,202,0,0
6501,1,0,1,0,0,0,0,196,0
6501,0,0,0,1,1,0,0,0,268
6501,0,0,0,0,0,0,0,0,0
6502,0,1,0,0,0,0,228,0,0
6502,1,0,1,0,0,0,0,162,0
6502,0,0,0,1,0,0,0,0,458
6502,0,0,0,0,0,0,0,0,0
6503,0,1,0,0,0,0,228,0,0
6503,1,0,1,0,0,0,0,264,0
6503,0,0,0,1,0,1,0,0,420
6503,0,0,0,0,0,0,0,0,0
6504,0,1,0,0,0,0,124,0,0
6504,0,0,1,0,0,0,0,128,0
6504,1,0,0,1,0,1,0,0,306
6504,0,0,0,0,0,0,0,0,0
6505,0,1,0,0,0,0,150,0,0
6505,1,0,1,0,0,0,0,162,0
6505,0,0,0,1,1,0,0,0,382
6505,0,0,0,0,0,0,0,0,0
6506,0,1,0,0,0,0,98,0,0
6506,0,0,1,0,0,0,0,298,0
6506,1,0,0,1,0,1,0,0,268
6506,0,0,0,0,0,0,0,0,0
6507,0,1,0,0,0,0,124,0,0
6507,0,0,1,0,0,0,0,298,0
6507,1,0,0,1,1,0,0,0,344
6507,0,0,0,0,0,0,0,0,0
6508,0,1,0,0,0,0,176,0,0
6508,1,0,1,0,0,0,0,128,0
6508,0,0,0,1,0,0,0,0,458
6508,0,0,0,0,0,0,0,0,0
6509,0,1,0,0,0,0,202,0,0
6509,1,0,1,0,0,0,0,230,0
6509,0,0,0,1,0,0,0,0,306
6509,0,0,0,0,0,0,0,0,0
6601,0,1,0,0,0,0,202,0,0
6601,1,0,1,0,0,0,0,196,0
6601,0,0,0,1,1,0,0,0,268
6601,0,0,0,0,0,0,0,0,0
6602,0,1,0,0,0,0,228,0,0
6602,1,0,1,0,0,0,0,162,0
6602,0,0,0,1,0,0,0,0,458
6602,0,0,0,0,0,0,0,0,0
6603,0,1,0,0,0,0,228,0,0
6603,1,0,1,0,0,0,0,264,0
6603,0,0,0,1,0,1,0,0,420
6603,0,0,0,0,0,0,0,0,0
6604,0,1,0,0,0,0,124,0,0
6604,1,0,1,0,0,0,0,128,0
6604,0,0,0,1,0,1,0,0,306
6604,0,0,0,0,0,0,0,0,0
6605,0,1,0,0,0,0,150,0,0
6605,1,0,1,0,0,0,0,162,0
6605,0,0,0,1,1,0,0,0,382
6605,0,0,0,0,0,0,0,0,0
6606,0,1,0,0,0,0,98,0,0
6606,0,0,1,0,0,0,0,298,0
6606,1,0,0,1,0,1,0,0,268
6606,0,0,0,0,0,0,0,0,0
6607,0,1,0,0,0,0,124,0,0
6607,0,0,1,0,0,0,0,298,0
6607,1,0,0,1,1,0,0,0,344
6607,0,0,0,0,0,0,0,0,0
6608,0,1,0,0,0,0,176,0,0
6608,1,0,1,0,0,0,0,128,0
6608,0,0,0,1,0,0,0,0,458
6608,0,0,0,0,0,0,0,0,0
6609,0,1,0,0,0,0,202,0,0
6609,1,0,1,0,0,0,0,230,0
6609,0,0,0,1,0,0,0,0,306
6609,0,0,0,0,0,0,0,0,0
6701,0,1,0,0,0,0,202,0,0
6701,0,0,1,0,0,0,0,196,0
6701,1,0,0,1,1,0,0,0,268
6701,0,0,0,0,0,0,0,0,0
6702,0,1,0,0,0,0,228,0,0
6702,1,0,1,0,0,0,0,162,0
6702,0,0,0,1,0,0,0,0,458
6702,0,0,0,0,0,0,0,0,0
6703,0,1,0,0,0,0,228,0,0
6703,0,0,1,0,0,0,0,264,0
6703,1,0,0,1,0,1,0,0,420
6703,0,0,0,0,0,0,0,0,0
6704,0,1,0,0,0,0,124,0,0
6704,0,0,1,0,0,0,0,128,0
6704,1,0,0,1,0,1,0,0,306
6704,0,0,0,0,0,0,0,0,0
6705,0,1,0,0,0,0,150,0,0
6705,1,0,1,0,0,0,0,162,0
6705,0,0,0,1,1,0,0,0,382
6705,0,0,0,0,0,0,0,0,0
6706,0,1,0,0,0,0,98,0,0
6706,0,0,1,0,0,0,0,298,0
6706,1,0,0,1,0,1,0,0,268
6706,0,0,0,0,0,0,0,0,0
6707,0,1,0,0,0,0,124,0,0
6707,0,0,1,0,0,0,0,298,0
6707,1,0,0,1,1,0,0,0,344
6707,0,0,0,0,0,0,0,0,0
6708,0,1,0,0,0,0,176,0,0
6708,1,0,1,0,0,0,0,128,0
6708,0,0,0,1,0,0,0,0,458
6708,0,0,0,0,0,0,0,0,0
6709,0,1,0,0,0,0,202,0,0
6709,1,0,1,0,0,0,0,230,0
6709,0,0,0,1,0,0,0,0,306
6709,0,0,0,0,0,0,0,0,0
6801,0,1,0,0,0,0,202,0,0
6801,1,0,1,0,0,0,0,196,0
6801,0,0,0,1,1,0,0,0,268
6801,0,0,0,0,0,0,0,0,0
6802,0,1,0,0,0,0,228,0,0
6802,1,0,1,0,0,0,0,162,0
6802,0,0,0,1,0,0,0,0,458
6802,0,0,0,0,0,0,0,0,0
6803,0,1,0,0,0,0,228,0,0
6803,1,0,1,0,0,0,0,264,0
6803,0,0,0,1,0,1,0,0,420
6803,0,0,0,0,0,0,0,0,0
6804,0,1,0,0,0,0,124,0,0
6804,0,0,1,0,0,0,0,128,0
6804,1,0,0,1,0,1,0,0,306
6804,0,0,0,0,0,0,0,0,0
6805,0,1,0,0,0,0,150,0,0
6805,1,0,1,0,0,0,0,162,0
6805,0,0,0,1,1,0,0,0,382
6805,0,0,0,0,0,0,0,0,0
6806,0,1,0,0,0,0,98,0,0
6806,0,0,1,0,0,0,0,298,0
6806,1,0,0,1,0,1,0,0,268
6806,0,0,0,0,0,0,0,0,0
6807,0,1,0,0,0,0,124,0,0
6807,1,0,1,0,0,0,0,298,0
6807,0,0,0,1,1,0,0,0,344
6807,0,0,0,0,0,0,0,0,0
6808,0,1,0,0,0,0,176,0,0
6808,1,0,1,0,0,0,0,128,0
6808,0,0,0,1,0,0,0,0,458
6808,0,0,0,0,0,0,0,0,0
6809,0,1,0,0,0,0,202,0,0
6809,1,0,1,0,0,0,0,230,0
6809,0,0,0,1,0,0,0,0,306
6809,0,0,0,0,0,0,0,0,0
6901,0,1,0,0,0,0,202,0,0
6901,0,0,1,0,0,0,0,196,0
6901,1,0,0,1,1,0,0,0,268
6901,0,0,0,0,0,0,0,0,0
6902,0,1,0,0,0,0,228,0,0
6902,1,0,1,0,0,0,0,162,0
6902,0,0,0,1,0,0,0,0,458
6902,0,0,0,0,0,0,0,0,0
6903,0,1,0,0,0,0,228,0,0
6903,0,0,1,0,0,0,0,264,0
6903,1,0,0,1,0,1,0,0,420
6903,0,0,0,0,0,0,0,0,0
6904,0,1,0,0,0,0,124,0,0
6904,0,0,1,0,0,0,0,128,0
6904,1,0,0,1,0,1,0,0,306
6904,0,0,0,0,0,0,0,0,0
6905,0,1,0,0,0,0,150,0,0
6905,1,0,1,0,0,0,0,162,0
6905,0,0,0,1,1,0,0,0,382
6905,0,0,0,0,0,0,0,0,0
6906,0,1,0,0,0,0,98,0,0
6906,0,0,1,0,0,0,0,298,0
6906,1,0,0,1,0,1,0,0,268
6906,0,0,0,0,0,0,0,0,0
6907,0,1,0,0,0,0,124,0,0
6907,1,0,1,0,0,0,0,298,0
6907,0,0,0,1,1,0,0,0,344
6907,0,0,0,0,0,0,0,0,0
6908,0,1,0,0,0,0,176,0,0
6908,1,0,1,0,0,0,0,128,0
6908,0,0,0,1,0,0,0,0,458
6908,0,0,0,0,0,0,0,0,0
6909,0,1,0,0,0,0,202,0,0
6909,1,0,1,0,0,0,0,230,0
6909,0,0,0,1,0,0,0,0,306
6909,0,0,0,0,0,0,0,0,0
7001,0,1,0,0,0,0,202,0,0
7001,0,0,1,0,0,0,0,196,0
7001,1,0,0,1,1,0,0,0,268
7001,0,0,0,0,0,0,0,0,0
7002,0,1,0,0,0,0,228,0,0
7002,0,0,1,0,0,0,0,162,0
7002,1,0,0,1,0,0,0,0,458
7002,0,0,0,0,0,0,0,0,0
7003,0,1,0,0,0,0,228,0,0
7003,0,0,1,0,0,0,0,264,0
7003,1,0,0,1,0,1,0,0,420
7003,0,0,0,0,0,0,0,0,0
7004,0,1,0,0,0,0,124,0,0
7004,0,0,1,0,0,0,0,128,0
7004,1,0,0,1,0,1,0,0,306
7004,0,0,0,0,0,0,0,0,0
7005,0,1,0,0,0,0,150,0,0
7005,0,0,1,0,0,0,0,162,0
7005,1,0,0,1,1,0,0,0,382
7005,0,0,0,0,0,0,0,0,0
7006,0,1,0,0,0,0,98,0,0
7006,0,0,1,0,0,0,0,298,0
7006,1,0,0,1,0,1,0,0,268
7006,0,0,0,0,0,0,0,0,0
7007,0,1,0,0,0,0,124,0,0
7007,0,0,1,0,0,0,0,298,0
7007,1,0,0,1,1,0,0,0,344
7007,0,0,0,0,0,0,0,0,0
7008,0,1,0,0,0,0,176,0,0
7008,0,0,1,0,0,0,0,128,0
7008,1,0,0,1,0,0,0,0,458
7008,0,0,0,0,0,0,0,0,0
7009,0,1,0,0,0,0,202,0,0
7009,0,0,1,0,0,0,0,230,0
7009,1,0,0,1,0,0,0,0,306
7009,0,0,0,0,0,0,0,0,0
7101,0,1,0,0,0,0,202,0,0
7101,1,0,1,0,0,0,0,196,0
7101,0,0,0,1,1,0,0,0,268
7101,0,0,0,0,0,0,0,0,0
7102,0,1,0,0,0,0,228,0,0
7102,1,0,1,0,0,0,0,162,0
7102,0,0,0,1,0,0,0,0,458
7102,0,0,0,0,0,0,0,0,0
7103,0,1,0,0,0,0,228,0,0
7103,1,0,1,0,0,0,0,264,0
7103,0,0,0,1,0,1,0,0,420
7103,0,0,0,0,0,0,0,0,0
7104,1,1,0,0,0,0,124,0,0
7104,0,0,1,0,0,0,0,128,0
7104,0,0,0,1,0,1,0,0,306
7104,0,0,0,0,0,0,0,0,0
7105,1,1,0,0,0,0,150,0,0
7105,0,0,1,0,0,0,0,162,0
7105,0,0,0,1,1,0,0,0,382
7105,0,0,0,0,0,0,0,0,0
7106,1,1,0,0,0,0,98,0,0
7106,0,0,1,0,0,0,0,298,0
7106,0,0,0,1,0,1,0,0,268
7106,0,0,0,0,0,0,0,0,0
7107,1,1,0,0,0,0,124,0,0
7107,0,0,1,0,0,0,0,298,0
7107,0,0,0,1,1,0,0,0,344
7107,0,0,0,0,0,0,0,0,0
7108,0,1,0,0,0,0,176,0,0
7108,1,0,1,0,0,0,0,128,0
7108,0,0,0,1,0,0,0,0,458
7108,0,0,0,0,0,0,0,0,0
7109,1,1,0,0,0,0,202,0,0
7109,0,0,1,0,0,0,0,230,0
7109,0,0,0,1,0,0,0,0,306
7109,0,0,0,0,0,0,0,0,0
7201,0,1,0,0,0,0,202,0,0
7201,1,0,1,0,0,0,0,196,0
7201,0,0,0,1,1,0,0,0,268
7201,0,0,0,0,0,0,0,0,0
7202,0,1,0,0,0,0,228,0,0
7202,1,0,1,0,0,0,0,162,0
7202,0,0,0,1,0,0,0,0,458
7202,0,0,0,0,0,0,0,0,0
7203,1,1,0,0,0,0,228,0,0
7203,0,0,1,0,0,0,0,264,0
7203,0,0,0,1,0,1,0,0,420
7203,0,0,0,0,0,0,0,0,0
7204,1,1,0,0,0,0,124,0,0
7204,0,0,1,0,0,0,0,128,0
7204,0,0,0,1,0,1,0,0,306
7204,0,0,0,0,0,0,0,0,0
7205,1,1,0,0,0,0,150,0,0
7205,0,0,1,0,0,0,0,162,0
7205,0,0,0,1,1,0,0,0,382
7205,0,0,0,0,0,0,0,0,0
7206,1,1,0,0,0,0,98,0,0
7206,0,0,1,0,0,0,0,298,0
7206,0,0,0,1,0,1,0,0,268
7206,0,0,0,0,0,0,0,0,0
7207,1,1,0,0,0,0,124,0,0
7207,0,0,1,0,0,0,0,298,0
7207,0,0,0,1,1,0,0,0,344
7207,0,0,0,0,0,0,0,0,0
7208,0,1,0,0,0,0,176,0,0
7208,1,0,1,0,0,0,0,128,0
7208,0,0,0,1,0,0,0,0,458
7208,0,0,0,0,0,0,0,0,0
7209,1,1,0,0,0,0,202,0,0
7209,0,0,1,0,0,0,0,230,0
7209,0,0,0,1,0,0,0,0,306
7209,0,0,0,0,0,0,0,0,0
7301,0,1,0,0,0,0,202,0,0
7301,0,0,1,0,0,0,0,196,0
7301,1,0,0,1,1,0,0,0,268
7301,0,0,0,0,0,0,0,0,0
7302,0,1,0,0,0,0,228,0,0
7302,0,0,1,0,0,0,0,162,0
7302,1,0,0,1,0,0,0,0,458
7302,0,0,0,0,0,0,0,0,0
7303,0,1,0,0,0,0,228,0,0
7303,0,0,1,0,0,0,0,264,0
7303,1,0,0,1,0,1,0,0,420
7303,0,0,0,0,0,0,0,0,0
7304,0,1,0,0,0,0,124,0,0
7304,0,0,1,0,0,0,0,128,0
7304,1,0,0,1,0,1,0,0,306
7304,0,0,0,0,0,0,0,0,0
7305,0,1,0,0,0,0,150,0,0
7305,0,0,1,0,0,0,0,162,0
7305,1,0,0,1,1,0,0,0,382
7305,0,0,0,0,0,0,0,0,0
7306,0,1,0,0,0,0,98,0,0
7306,0,0,1,0,0,0,0,298,0
7306,1,0,0,1,0,1,0,0,268
7306,0,0,0,0,0,0,0,0,0
7307,0,1,0,0,0,0,124,0,0
7307,0,0,1,0,0,0,0,298,0
7307,1,0,0,1,1,0,0,0,344
7307,0,0,0,0,0,0,0,0,0
7308,0,1,0,0,0,0,176,0,0
7308,0,0,1,0,0,0,0,128,0
7308,0,0,0,1,0,0,0,0,458
7308,1,0,0,0,0,0,0,0,0
7309,0,1,0,0,0,0,202,0,0
7309,0,0,1,0,0,0,0,230,0
7309,1,0,0,1,0,0,0,0,306
7309,0,0,0,0,0,0,0,0,0
7401,0,1,0,0,0,0,202,0,0
7401,1,0,1,0,0,0,0,196,0
7401,0,0,0,1,1,0,0,0,268
7401,0,0,0,0,0,0,0,0,0
7402,0,1,0,0,0,0,228,0,0
7402,1,0,1,0,0,0,0,162,0
7402,0,0,0,1,0,0,0,0,458
7402,0,0,0,0,0,0,0,0,0
7403,0,1,0,0,0,0,228,0,0
7403,0,0,1,0,0,0,0,264,0
7403,0,0,0,1,0,1,0,0,420
7403,1,0,0,0,0,0,0,0,0
7404,0,1,0,0,0,0,124,0,0
7404,1,0,1,0,0,0,0,128,0
7404,0,0,0,1,0,1,0,0,306
7404,0,0,0,0,0,0,0,0,0
7405,0,1,0,0,0,0,150,0,0
7405,1,0,1,0,0,0,0,162,0
7405,0,0,0,1,1,0,0,0,382
7405,0,0,0,0,0,0,0,0,0
7406,1,1,0,0,0,0,98,0,0
7406,0,0,1,0,0,0,0,298,0
7406,0,0,0,1,0,1,0,0,268
7406,0,0,0,0,0,0,0,0,0
7407,1,1,0,0,0,0,124,0,0
7407,0,0,1,0,0,0,0,298,0
7407,0,0,0,1,1,0,0,0,344
7407,0,0,0,0,0,0,0,0,0
7408,0,1,0,0,0,0,176,0,0
7408,1,0,1,0,0,0,0,128,0
7408,0,0,0,1,0,0,0,0,458
7408,0,0,0,0,0,0,0,0,0
7409,0,1,0,0,0,0,202,0,0
7409,0,0,1,0,0,0,0,230,0
7409,0,0,0,1,0,0,0,0,306
7409,1,0,0,0,0,0,0,0,0
7501,0,1,0,0,0,0,202,0,0
7501,1,0,1,0,0,0,0,196,0
7501,0,0,0,1,1,0,0,0,268
7501,0,0,0,0,0,0,0,0,0
7502,0,1,0,0,0,0,228,0,0
7502,1,0,1,0,0,0,0,162,0
7502,0,0,0,1,0,0,0,0,458
7502,0,0,0,0,0,0,0,0,0
7503,0,1,0,0,0,0,228,0,0
7503,1,0,1,0,0,0,0,264,0
7503,0,0,0,1,0,1,0,0,420
7503,0,0,0,0,0,0,0,0,0
7504,0,1,0,0,0,0,124,0,0
7504,1,0,1,0,0,0,0,128,0
7504,0,0,0,1,0,1,0,0,306
7504,0,0,0,0,0,0,0,0,0
7505,0,1,0,0,0,0,150,0,0
7505,1,0,1,0,0,0,0,162,0
7505,0,0,0,1,1,0,0,0,382
7505,0,0,0,0,0,0,0,0,0
7506,0,1,0,0,0,0,98,0,0
7506,1,0,1,0,0,0,0,298,0
7506,0,0,0,1,0,1,0,0,268
7506,0,0,0,0,0,0,0,0,0
7507,0,1,0,0,0,0,124,0,0
7507,1,0,1,0,0,0,0,298,0
7507,0,0,0,1,1,0,0,0,344
7507,0,0,0,0,0,0,0,0,0
7508,0,1,0,0,0,0,176,0,0
7508,1,0,1,0,0,0,0,128,0
7508,0,0,0,1,0,0,0,0,458
7508,0,0,0,0,0,0,0,0,0
7509,0,1,0,0,0,0,202,0,0
7509,1,0,1,0,0,0,0,230,0
7509,0,0,0,1,0,0,0,0,306
7509,0,0,0,0,0,0,0,0,0
7601,0,1,0,0,0,0,124,0,0
7601,0,0,1,0,0,0,0,264,0
7601,1,0,0,1,1,0,0,0,458
7601,0,0,0,0,0,0,0,0,0
7602,0,1,0,0,0,0,202,0,0
7602,0,0,1,0,0,0,0,128,0
7602,1,0,0,1,0,0,0,0,382
7602,0,0,0,0,0,0,0,0,0
7603,0,1,0,0,0,0,176,0,0
7603,0,0,1,0,0,0,0,196,0
7603,1,0,0,1,0,1,0,0,382
7603,0,0,0,0,0,0,0,0,0
7604,0,1,0,0,0,0,228,0,0
7604,0,0,1,0,0,0,0,230,0
7604,1,0,0,1,0,0,0,0,344
7604,0,0,0,0,0,0,0,0,0
7605,0,1,0,0,0,0,98,0,0
7605,0,0,1,0,0,0,0,162,0
7605,1,0,0,1,0,1,0,0,306
7605,0,0,0,0,0,0,0,0,0
7606,0,1,0,0,0,0,98,0,0
7606,0,0,1,0,0,0,0,128,0
7606,1,0,0,1,1,0,0,0,420
7606,0,0,0,0,0,0,0,0,0
7607,0,1,0,0,0,0,202,0,0
7607,0,0,1,0,0,0,0,264,0
7607,1,0,0,1,0,1,0,0,344
7607,0,0,0,0,0,0,0,0,0
7608,0,1,0,0,0,0,176,0,0
7608,0,0,1,0,0,0,0,230,0
7608,1,0,0,1,1,0,0,0,268
7608,0,0,0,0,0,0,0,0,0
7609,0,1,0,0,0,0,150,0,0
7609,0,0,1,0,0,0,0,298,0
7609,1,0,0,1,0,0,0,0,306
7609,0,0,0,0,0,0,0,0,0
7701,0,1,0,0,0,0,124,0,0
7701,0,0,1,0,0,0,0,264,0
7701,1,0,0,1,1,0,0,0,458
7701,0,0,0,0,0,0,0,0,0
7702,0,1,0,0,0,0,202,0,0
7702,0,0,1,0,0,0,0,128,0
7702,1,0,0,1,0,0,0,0,382
7702,0,0,0,0,0,0,0,0,0
7703,0,1,0,0,0,0,176,0,0
7703,0,0,1,0,0,0,0,196,0
7703,1,0,0,1,0,1,0,0,382
7703,0,0,0,0,0,0,0,0,0
7704,0,1,0,0,0,0,228,0,0
7704,0,0,1,0,0,0,0,230,0
7704,1,0,0,1,0,0,0,0,344
7704,0,0,0,0,0,0,0,0,0
7705,0,1,0,0,0,0,98,0,0
7705,0,0,1,0,0,0,0,162,0
7705,1,0,0,1,0,1,0,0,306
7705,0,0,0,0,0,0,0,0,0
7706,0,1,0,0,0,0,98,0,0
7706,0,0,1,0,0,0,0,128,0
7706,1,0,0,1,1,0,0,0,420
7706,0,0,0,0,0,0,0,0,0
7707,0,1,0,0,0,0,202,0,0
7707,0,0,1,0,0,0,0,264,0
7707,1,0,0,1,0,1,0,0,344
7707,0,0,0,0,0,0,0,0,0
7708,0,1,0,0,0,0,176,0,0
7708,0,0,1,0,0,0,0,230,0
7708,1,0,0,1,1,0,0,0,268
7708,0,0,0,0,0,0,0,0,0
7709,0,1,0,0,0,0,150,0,0
7709,0,0,1,0,0,0,0,298,0
7709,1,0,0,1,0,0,0,0,306
7709,0,0,0,0,0,0,0,0,0
7801,0,1,0,0,0,0,124,0,0
7801,1,0,1,0,0,0,0,264,0
7801,0,0,0,1,1,0,0,0,458
7801,0,0,0,0,0,0,0,0,0
7802,0,1,0,0,0,0,202,0,0
7802,0,0,1,0,0,0,0,128,0
7802,1,0,0,1,0,0,0,0,382
7802,0,0,0,0,0,0,0,0,0
7803,0,1,0,0,0,0,176,0,0
7803,0,0,1,0,0,0,0,196,0
7803,1,0,0,1,0,1,0,0,382
7803,0,0,0,0,0,0,0,0,0
7804,0,1,0,0,0,0,228,0,0
7804,1,0,1,0,0,0,0,230,0
7804,0,0,0,1,0,0,0,0,344
7804,0,0,0,0,0,0,0,0,0
7805,0,1,0,0,0,0,98,0,0
7805,0,0,1,0,0,0,0,162,0
7805,1,0,0,1,0,1,0,0,306
7805,0,0,0,0,0,0,0,0,0
7806,0,1,0,0,0,0,98,0,0
7806,1,0,1,0,0,0,0,128,0
7806,0,0,0,1,1,0,0,0,420
7806,0,0,0,0,0,0,0,0,0
7807,0,1,0,0,0,0,202,0,0
7807,1,0,1,0,0,0,0,264,0
7807,0,0,0,1,0,1,0,0,344
7807,0,0,0,0,0,0,0,0,0
7808,0,1,0,0,0,0,176,0,0
7808,0,0,1,0,0,0,0,230,0
7808,1,0,0,1,1,0,0,0,268
7808,0,0,0,0,0,0,0,0,0
7809,0,1,0,0,0,0,150,0,0
7809,0,0,1,0,0,0,0,298,0
7809,1,0,0,1,0,0,0,0,306
7809,0,0,0,0,0,0,0,0,0
7901,0,1,0,0,0,0,124,0,0
7901,0,0,1,0,0,0,0,264,0
7901,1,0,0,1,1,0,0,0,458
7901,0,0,0,0,0,0,0,0,0
7902,0,1,0,0,0,0,202,0,0
7902,1,0,1,0,0,0,0,128,0
7902,0,0,0,1,0,0,0,0,382
7902,0,0,0,0,0,0,0,0,0
7903,0,1,0,0,0,0,176,0,0
7903,0,0,1,0,0,0,0,196,0
7903,1,0,0,1,0,1,0,0,382
7903,0,0,0,0,0,0,0,0,0
7904,0,1,0,0,0,0,228,0,0
7904,1,0,1,0,0,0,0,230,0
7904,0,0,0,1,0,0,0,0,344
7904,0,0,0,0,0,0,0,0,0
7905,0,1,0,0,0,0,98,0,0
7905,0,0,1,0,0,0,0,162,0
7905,1,0,0,1,0,1,0,0,306
7905,0,0,0,0,0,0,0,0,0
7906,0,1,0,0,0,0,98,0,0
7906,1,0,1,0,0,0,0,128,0
7906,0,0,0,1,1,0,0,0,420
7906,0,0,0,0,0,0,0,0,0
7907,0,1,0,0,0,0,202,0,0
7907,0,0,1,0,0,0,0,264,0
7907,1,0,0,1,0,1,0,0,344
7907,0,0,0,0,0,0,0,0,0
7908,0,1,0,0,0,0,176,0,0
7908,0,0,1,0,0,0,0,230,0
7908,1,0,0,1,1,0,0,0,268
7908,0,0,0,0,0,0,0,0,0
7909,0,1,0,0,0,0,150,0,0
7909,0,0,1,0,0,0,0,298,0
7909,1,0,0,1,0,0,0,0,306
7909,0,0,0,0,0,0,0,0,0
8001,0,1,0,0,0,0,124,0,0
8001,1,0,1,0,0,0,0,264,0
8001,0,0,0,1,1,0,0,0,458
8001,0,0,0,0,0,0,0,0,0
8002,0,1,0,0,0,0,202,0,0
8002,1,0,1,0,0,0,0,128,0
8002,0,0,0,1,0,0,0,0,382
8002,0,0,0,0,0,0,0,0,0
8003,0,1,0,0,0,0,176,0,0
8003,0,0,1,0,0,0,0,196,0
8003,1,0,0,1,0,1,0,0,382
8003,0,0,0,0,0,0,0,0,0
8004,0,1,0,0,0,0,228,0,0
8004,1,0,1,0,0,0,0,230,0
8004,0,0,0,1,0,0,0,0,344
8004,0,0,0,0,0,0,0,0,0
8005,0,1,0,0,0,0,98,0,0
8005,1,0,1,0,0,0,0,162,0
8005,0,0,0,1,0,1,0,0,306
8005,0,0,0,0,0,0,0,0,0
8006,0,1,0,0,0,0,98,0,0
8006,1,0,1,0,0,0,0,128,0
8006,0,0,0,1,1,0,0,0,420
8006,0,0,0,0,0,0,0,0,0
8007,0,1,0,0,0,0,202,0,0
8007,1,0,1,0,0,0,0,264,0
8007,0,0,0,1,0,1,0,0,344
8007,0,0,0,0,0,0,0,0,0
8008,0,1,0,0,0,0,176,0,0
8008,0,0,1,0,0,0,0,230,0
8008,1,0,0,1,1,0,0,0,268
8008,0,0,0,0,0,0,0,0,0
8009,0,1,0,0,0,0,150,0,0
8009,0,0,1,0,0,0,0,298,0
8009,1,0,0,1,0,0,0,0,306
8009,0,0,0,0,0,0,0,0,0
8101,0,1,0,0,0,0,124,0,0
8101,1,0,1,0,0,0,0,264,0
8101,0,0,0,1,1,0,0,0,458
8101,0,0,0,0,0,0,0,0,0
8102,0,1,0,0,0,0,202,0,0
8102,1,0,1,0,0,0,0,128,0
8102,0,0,0,1,0,0,0,0,382
8102,0,0,0,0,0,0,0,0,0
8103,0,1,0,0,0,0,176,0,0
8103,1,0,1,0,0,0,0,196,0
8103,0,0,0,1,0,1,0,0,382
8103,0,0,0,0,0,0,0,0,0
8104,0,1,0,0,0,0,228,0,0
8104,0,0,1,0,0,0,0,230,0
8104,1,0,0,1,0,0,0,0,344
8104,0,0,0,0,0,0,0,0,0
8105,0,1,0,0,0,0,98,0,0
8105,1,0,1,0,0,0,0,162,0
8105,0,0,0,1,0,1,0,0,306
8105,0,0,0,0,0,0,0,0,0
8106,0,1,0,0,0,0,98,0,0
8106,1,0,1,0,0,0,0,128,0
8106,0,0,0,1,1,0,0,0,420
8106,0,0,0,0,0,0,0,0,0
8107,0,1,0,0,0,0,202,0,0
8107,0,0,1,0,0,0,0,264,0
8107,1,0,0,1,0,1,0,0,344
8107,0,0,0,0,0,0,0,0,0
8108,0,1,0,0,0,0,176,0,0
8108,0,0,1,0,0,0,0,230,0
8108,1,0,0,1,1,0,0,0,268
8108,0,0,0,0,0,0,0,0,0
8109,0,1,0,0,0,0,150,0,0
8109,0,0,1,0,0,0,0,298,0
8109,1,0,0,1,0,0,0,0,306
8109,0,0,0,0,0,0,0,0,0
8201,0,1,0,0,0,0,124,0,0
8201,0,0,1,0,0,0,0,264,0
8201,1,0,0,1,1,0,0,0,458
8201,0,0,0,0,0,0,0,0,0
8202,0,1,0,0,0,0,202,0,0
8202,0,0,1,0,0,0,0,128,0
8202,1,0,0,1,0,0,0,0,382
8202,0,0,0,0,0,0,0,0,0
8203,0,1,0,0,0,0,176,0,0
8203,0,0,1,0,0,0,0,196,0
8203,1,0,0,1,0,1,0,0,382
8203,0,0,0,0,0,0,0,0,0
8204,0,1,0,0,0,0,228,0,0
8204,0,0,1,0,0,0,0,230,0
8204,1,0,0,1,0,0,0,0,344
8204,0,0,0,0,0,0,0,0,0
8205,0,1,0,0,0,0,98,0,0
8205,0,0,1,0,0,0,0,162,0
8205,1,0,0,1,0,1,0,0,306
8205,0,0,0,0,0,0,0,0,0
8206,0,1,0,0,0,0,98,0,0
8206,0,0,1,0,0,0,0,128,0
8206,1,0,0,1,1,0,0,0,420
8206,0,0,0,0,0,0,0,0,0
8207,0,1,0,0,0,0,202,0,0
8207,0,0,1,0,0,0,0,264,0
8207,1,0,0,1,0,1,0,0,344
8207,0,0,0,0,0,0,0,0,0
8208,0,1,0,0,0,0,176,0,0
8208,0,0,1,0,0,0,0,230,0
8208,1,0,0,1,1,0,0,0,268
8208,0,0,0,0,0,0,0,0,0
8209,0,1,0,0,0,0,150,0,0
8209,0,0,1,0,0,0,0,298,0
8209,1,0,0,1,0,0,0,0,306
8209,0,0,0,0,0,0,0,0,0
8301,0,1,0,0,0,0,124,0,0
8301,1,0,1,0,0,0,0,264,0
8301,0,0,0,1,1,0,0,0,458
8301,0,0,0,0,0,0,0,0,0
8302,0,1,0,0,0,0,202,0,0
8302,1,0,1,0,0,0,0,128,0
8302,0,0,0,1,0,0,0,0,382
8302,0,0,0,0,0,0,0,0,0
8303,0,1,0,0,0,0,176,0,0
8303,1,0,1,0,0,0,0,196,0
8303,0,0,0,1,0,1,0,0,382
8303,0,0,0,0,0,0,0,0,0
8304,0,1,0,0,0,0,228,0,0
8304,1,0,1,0,0,0,0,230,0
8304,0,0,0,1,0,0,0,0,344
8304,0,0,0,0,0,0,0,0,0
8305,0,1,0,0,0,0,98,0,0
8305,1,0,1,0,0,0,0,162,0
8305,0,0,0,1,0,1,0,0,306
8305,0,0,0,0,0,0,0,0,0
8306,0,1,0,0,0,0,98,0,0
8306,1,0,1,0,0,0,0,128,0
8306,0,0,0,1,1,0,0,0,420
8306,0,0,0,0,0,0,0,0,0
8307,0,1,0,0,0,0,202,0,0
8307,0,0,1,0,0,0,0,264,0
8307,1,0,0,1,0,1,0,0,344
8307,0,0,0,0,0,0,0,0,0
8308,0,1,0,0,0,0,176,0,0
8308,0,0,1,0,0,0,0,230,0
8308,1,0,0,1,1,0,0,0,268
8308,0,0,0,0,0,0,0,0,0
8309,0,1,0,0,0,0,150,0,0
8309,0,0,1,0,0,0,0,298,0
8309,1,0,0,1,0,0,0,0,306
8309,0,0,0,0,0,0,0,0,0
8401,1,1,0,0,0,0,124,0,0
8401,0,0,1,0,0,0,0,264,0
8401,0,0,0,1,1,0,0,0,458
8401,0,0,0,0,0,0,0,0,0
8402,0,1,0,0,0,0,202,0,0
8402,1,0,1,0,0,0,0,128,0
8402,0,0,0,1,0,0,0,0,382
8402,0,0,0,0,0,0,0,0,0
8403,0,1,0,0,0,0,176,0,0
8403,1,0,1,0,0,0,0,196,0
8403,0,0,0,1,0,1,0,0,382
8403,0,0,0,0,0,0,0,0,0
8404,0,1,0,0,0,0,228,0,0
8404,1,0,1,0,0,0,0,230,0
8404,0,0,0,1,0,0,0,0,344
8404,0,0,0,0,0,0,0,0,0
8405,0,1,0,0,0,0,98,0,0
8405,1,0,1,0,0,0,0,162,0
8405,0,0,0,1,0,1,0,0,306
8405,0,0,0,0,0,0,0,0,0
8406,0,1,0,0,0,0,98,0,0
8406,1,0,1,0,0,0,0,128,0
8406,0,0,0,1,1,0,0,0,420
8406,0,0,0,0,0,0,0,0,0
8407,0,1,0,0,0,0,202,0,0
8407,1,0,1,0,0,0,0,264,0
8407,0,0,0,1,0,1,0,0,344
8407,0,0,0,0,0,0,0,0,0
8408,0,1,0,0,0,0,176,0,0
8408,0,0,1,0,0,0,0,230,0
8408,1,0,0,1,1,0,0,0,268
8408,0,0,0,0,0,0,0,0,0
8409,0,1,0,0,0,0,150,0,0
8409,0,0,1,0,0,0,0,298,0
8409,1,0,0,1,0,0,0,0,306
8409,0,0,0,0,0,0,0,0,0
8501,0,1,0,0,0,0,124,0,0
8501,0,0,1,0,0,0,0,264,0
8501,1,0,0,1,1,0,0,0,458
8501,0,0,0,0,0,0,0,0,0
8502,0,1,0,0,0,0,202,0,0
8502,1,0,1,0,0,0,0,128,0
8502,0,0,0,1,0,0,0,0,382
8502,0,0,0,0,0,0,0,0,0
8503,0,1,0,0,0,0,176,0,0
8503,1,0,1,0,0,0,0,196,0
8503,0,0,0,1,0,1,0,0,382
8503,0,0,0,0,0,0,0,0,0
8504,0,1,0,0,0,0,228,0,0
8504,0,0,1,0,0,0,0,230,0
8504,1,0,0,1,0,0,0,0,344
8504,0,0,0,0,0,0,0,0,0
8505,0,1,0,0,0,0,98,0,0
8505,1,0,1,0,0,0,0,162,0
8505,0,0,0,1,0,1,0,0,306
8505,0,0,0,0,0,0,0,0,0
8506,0,1,0,0,0,0,98,0,0
8506,1,0,1,0,0,0,0,128,0
8506,0,0,0,1,1,0,0,0,420
8506,0,0,0,0,0,0,0,0,0
8507,0,1,0,0,0,0,202,0,0
8507,0,0,1,0,0,0,0,264,0
8507,1,0,0,1,0,1,0,0,344
8507,0,0,0,0,0,0,0,0,0
8508,0,1,0,0,0,0,176,0,0
8508,0,0,1,0,0,0,0,230,0
8508,1,0,0,1,1,0,0,0,268
8508,0,0,0,0,0,0,0,0,0
8509,0,1,0,0,0,0,150,0,0
8509,0,0,1,0,0,0,0,298,0
8509,1,0,0,1,0,0,0,0,306
8509,0,0,0,0,0,0,0,0,0
8601,0,1,0,0,0,0,124,0,0
8601,1,0,1,0,0,0,0,264,0
8601,0,0,0,1,1,0,0,0,458
8601,0,0,0,0,0,0,0,0,0
8602,0,1,0,0,0,0,202,0,0
8602,1,0,1,0,0,0,0,128,0
8602,0,0,0,1,0,0,0,0,382
8602,0,0,0,0,0,0,0,0,0
8603,0,1,0,0,0,0,176,0,0
8603,1,0,1,0,0,0,0,196,0
8603,0,0,0,1,0,1,0,0,382
8603,0,0,0,0,0,0,0,0,0
8604,0,1,0,0,0,0,228,0,0
8604,1,0,1,0,0,0,0,230,0
8604,0,0,0,1,0,0,0,0,344
8604,0,0,0,0,0,0,0,0,0
8605,0,1,0,0,0,0,98,0,0
8605,1,0,1,0,0,0,0,162,0
8605,0,0,0,1,0,1,0,0,306
8605,0,0,0,0,0,0,0,0,0
8606,0,1,0,0,0,0,98,0,0
8606,1,0,1,0,0,0,0,128,0
8606,0,0,0,1,1,0,0,0,420
8606,0,0,0,0,0,0,0,0,0
8607,0,1,0,0,0,0,202,0,0
8607,1,0,1,0,0,0,0,264,0
8607,0,0,0,1,0,1,0,0,344
8607,0,0,0,0,0,0,0,0,0
8608,0,1,0,0,0,0,176,0,0
8608,1,0,1,0,0,0,0,230,0
8608,0,0,0,1,1,0,0,0,268
8608,0,0,0,0,0,0,0,0,0
8609,0,1,0,0,0,0,150,0,0
8609,1,0,1,0,0,0,0,298,0
8609,0,0,0,1,0,0,0,0,306
8609,0,0,0,0,0,0,0,0,0
8701,0,1,0,0,0,0,124,0,0
8701,0,0,1,0,0,0,0,264,0
8701,1,0,0,1,1,0,0,0,458
8701,0,0,0,0,0,0,0,0,0
8702,0,1,0,0,0,0,202,0,0
8702,0,0,1,0,0,0,0,128,0
8702,1,0,0,1,0,0,0,0,382
8702,0,0,0,0,0,0,0,0,0
8703,0,1,0,0,0,0,176,0,0
8703,0,0,1,0,0,0,0,196,0
8703,1,0,0,1,0,1,0,0,382
8703,0,0,0,0,0,0,0,0,0
8704,0,1,0,0,0,0,228,0,0
8704,1,0,1,0,0,0,0,230,0
8704,0,0,0,1,0,0,0,0,344
8704,0,0,0,0,0,0,0,0,0
8705,0,1,0,0,0,0,98,0,0
8705,0,0,1,0,0,0,0,162,0
8705,1,0,0,1,0,1,0,0,306
8705,0,0,0,0,0,0,0,0,0
8706,0,1,0,0,0,0,98,0,0
8706,1,0,1,0,0,0,0,128,0
8706,0,0,0,1,1,0,0,0,420
8706,0,0,0,0,0,0,0,0,0
8707,0,1,0,0,0,0,202,0,0
8707,1,0,1,0,0,0,0,264,0
8707,0,0,0,1,0,1,0,0,344
8707,0,0,0,0,0,0,0,0,0
8708,0,1,0,0,0,0,176,0,0
8708,1,0,1,0,0,0,0,230,0
8708,0,0,0,1,1,0,0,0,268
8708,0,0,0,0,0,0,0,0,0
8709,0,1,0,0,0,0,150,0,0
8709,1,0,1,0,0,0,0,298,0
8709,0,0,0,1,0,0,0,0,306
8709,0,0,0,0,0,0,0,0,0
8801,0,1,0,0,0,0,124,0,0
8801,0,0,1,0,0,0,0,264,0
8801,1,0,0,1,1,0,0,0,458
8801,0,0,0,0,0,0,0,0,0
8802,0,1,0,0,0,0,202,0,0
8802,0,0,1,0,0,0,0,128,0
8802,1,0,0,1,0,0,0,0,382
8802,0,0,0,0,0,0,0,0,0
8803,0,1,0,0,0,0,176,0,0
8803,0,0,1,0,0,0,0,196,0
8803,1,0,0,1,0,1,0,0,382
8803,0,0,0,0,0,0,0,0,0
8804,0,1,0,0,0,0,228,0,0
8804,0,0,1,0,0,0,0,230,0
8804,1,0,0,1,0,0,0,0,344
8804,0,0,0,0,0,0,0,0,0
8805,0,1,0,0,0,0,98,0,0
8805,0,0,1,0,0,0,0,162,0
8805,1,0,0,1,0,1,0,0,306
8805,0,0,0,0,0,0,0,0,0
8806,0,1,0,0,0,0,98,0,0
8806,0,0,1,0,0,0,0,128,0
8806,1,0,0,1,1,0,0,0,420
8806,0,0,0,0,0,0,0,0,0
8807,0,1,0,0,0,0,202,0,0
8807,0,0,1,0,0,0,0,264,0
8807,1,0,0,1,0,1,0,0,344
8807,0,0,0,0,0,0,0,0,0
8808,0,1,0,0,0,0,176,0,0
8808,0,0,1,0,0,0,0,230,0
8808,1,0,0,1,1,0,0,0,268
8808,0,0,0,0,0,0,0,0,0
8809,0,1,0,0,0,0,150,0,0
8809,0,0,1,0,0,0,0,298,0
8809,1,0,0,1,0,0,0,0,306
8809,0,0,0,0,0,0,0,0,0
8901,0,1,0,0,0,0,124,0,0
8901,0,0,1,0,0,0,0,264,0
8901,1,0,0,1,1,0,0,0,458
8901,0,0,0,0,0,0,0,0,0
8902,0,1,0,0,0,0,202,0,0
8902,0,0,1,0,0,0,0,128,0
8902,1,0,0,1,0,0,0,0,382
8902,0,0,0,0,0,0,0,0,0
8903,0,1,0,0,0,0,176,0,0
8903,0,0,1,0,0,0,0,196,0
8903,1,0,0,1,0,1,0,0,382
8903,0,0,0,0,0,0,0,0,0
8904,0,1,0,0,0,0,228,0,0
8904,0,0,1,0,0,0,0,230,0
8904,1,0,0,1,0,0,0,0,344
8904,0,0,0,0,0,0,0,0,0
8905,0,1,0,0,0,0,98,0,0
8905,0,0,1,0,0,0,0,162,0
8905,1,0,0,1,0,1,0,0,306
8905,0,0,0,0,0,0,0,0,0
8906,0,1,0,0,0,0,98,0,0
8906,0,0,1,0,0,0,0,128,0
8906,1,0,0,1,1,0,0,0,420
8906,0,0,0,0,0,0,0,0,0
8907,0,1,0,0,0,0,202,0,0
8907,0,0,1,0,0,0,0,264,0
8907,1,0,0,1,0,1,0,0,344
8907,0,0,0,0,0,0,0,0,0
8908,0,1,0,0,0,0,176,0,0
8908,0,0,1,0,0,0,0,230,0
8908,1,0,0,1,1,0,0,0,268
8908,0,0,0,0,0,0,0,0,0
8909,0,1,0,0,0,0,150,0,0
8909,0,0,1,0,0,0,0,298,0
8909,1,0,0,1,0,0,0,0,306
8909,0,0,0,0,0,0,0,0,0
9001,0,1,0,0,0,0,124,0,0
9001,1,0,1,0,0,0,0,264,0
9001,0,0,0,1,1,0,0,0,458
9001,0,0,0,0,0,0,0,0,0
9002,0,1,0,0,0,0,202,0,0
9002,0,0,1,0,0,0,0,128,0
9002,1,0,0,1,0,0,0,0,382
9002,0,0,0,0,0,0,0,0,0
9003,0,1,0,0,0,0,176,0,0
9003,1,0,1,0,0,0,0,196,0
9003,0,0,0,1,0,1,0,0,382
9003,0,0,0,0,0,0,0,0,0
9004,0,1,0,0,0,0,228,0,0
9004,0,0,1,0,0,0,0,230,0
9004,1,0,0,1,0,0,0,0,344
9004,0,0,0,0,0,0,0,0,0
9005,0,1,0,0,0,0,98,0,0
9005,0,0,1,0,0,0,0,162,0
9005,1,0,0,1,0,1,0,0,306
9005,0,0,0,0,0,0,0,0,0
9006,0,1,0,0,0,0,98,0,0
9006,1,0,1,0,0,0,0,128,0
9006,0,0,0,1,1,0,0,0,420
9006,0,0,0,0,0,0,0,0,0
9007,1,1,0,0,0,0,202,0,0
9007,0,0,1,0,0,0,0,264,0
9007,0,0,0,1,0,1,0,0,344
9007,0,0,0,0,0,0,0,0,0
9008,0,1,0,0,0,0,176,0,0
9008,0,0,1,0,0,0,0,230,0
9008,1,0,0,1,1,0,0,0,268
9008,0,0,0,0,0,0,0,0,0
9009,0,1,0,0,0,0,150,0,0
9009,0,0,1,0,0,0,0,298,0
9009,1,0,0,1,0,0,0,0,306
9009,0,0,0,0,0,0,0,0,0
9101,0,1,0,0,0,0,124,0,0
9101,0,0,1,0,0,0,0,264,0
9101,1,0,0,1,1,0,0,0,458
9101,0,0,0,0,0,0,0,0,0
9102,0,1,0,0,0,0,202,0,0
9102,0,0,1,0,0,0,0,128,0
9102,1,0,0,1,0,0,0,0,382
9102,0,0,0,0,0,0,0,0,0
9103,0,1,0,0,0,0,176,0,0
9103,0,0,1,0,0,0,0,196,0
9103,1,0,0,1,0,1,0,0,382
9103,0,0,0,0,0,0,0,0,0
9104,0,1,0,0,0,0,228,0,0
9104,0,0,1,0,0,0,0,230,0
9104,1,0,0,1,0,0,0,0,344
9104,0,0,0,0,0,0,0,0,0
9105,0,1,0,0,0,0,98,0,0
9105,0,0,1,0,0,0,0,162,0
9105,1,0,0,1,0,1,0,0,306
9105,0,0,0,0,0,0,0,0,0
9106,0,1,0,0,0,0,98,0,0
9106,0,0,1,0,0,0,0,128,0
9106,1,0,0,1,1,0,0,0,420
9106,0,0,0,0,0,0,0,0,0
9107,0,1,0,0,0,0,202,0,0
9107,0,0,1,0,0,0,0,264,0
9107,1,0,0,1,0,1,0,0,344
9107,0,0,0,0,0,0,0,0,0
9108,0,1,0,0,0,0,176,0,0
9108,0,0,1,0,0,0,0,230,0
9108,1,0,0,1,1,0,0,0,268
9108,0,0,0,0,0,0,0,0,0
9109,0,1,0,0,0,0,150,0,0
9109,0,0,1,0,0,0,0,298,0
9109,1,0,0,1,0,0,0,0,306
9109,0,0,0,0,0,0,0,0,0
9201,0,1,0,0,0,0,124,0,0
9201,1,0,1,0,0,0,0,264,0
9201,0,0,0,1,1,0,0,0,458
9201,0,0,0,0,0,0,0,0,0
9202,0,1,0,0,0,0,202,0,0
9202,1,0,1,0,0,0,0,128,0
9202,0,0,0,1,0,0,0,0,382
9202,0,0,0,0,0,0,0,0,0
9203,0,1,0,0,0,0,176,0,0
9203,0,0,1,0,0,0,0,196,0
9203,1,0,0,1,0,1,0,0,382
9203,0,0,0,0,0,0,0,0,0
9204,0,1,0,0,0,0,228,0,0
9204,1,0,1,0,0,0,0,230,0
9204,0,0,0,1,0,0,0,0,344
9204,0,0,0,0,0,0,0,0,0
9205,0,1,0,0,0,0,98,0,0
9205,1,0,1,0,0,0,0,162,0
9205,0,0,0,1,0,1,0,0,306
9205,0,0,0,0,0,0,0,0,0
9206,0,1,0,0,0,0,98,0,0
9206,1,0,1,0,0,0,0,128,0
9206,0,0,0,1,1,0,0,0,420
9206,0,0,0,0,0,0,0,0,0
9207,0,1,0,0,0,0,202,0,0
9207,0,0,1,0,0,0,0,264,0
9207,1,0,0,1,0,1,0,0,344
9207,0,0,0,0,0,0,0,0,0
9208,0,1,0,0,0,0,176,0,0
9208,0,0,1,0,0,0,0,230,0
9208,1,0,0,1,1,0,0,0,268
9208,0,0,0,0,0,0,0,0,0
9209,0,1,0,0,0,0,150,0,0
9209,0,0,1,0,0,0,0,298,0
9209,0,0,0,1,0,0,0,0,306
9209,1,0,0,0,0,0,0,0,0
9301,0,1,0,0,0,0,124,0,0
9301,1,0,1,0,0,0,0,264,0
9301,0,0,0,1,1,0,0,0,458
9301,0,0,0,0,0,0,0,0,0
9302,0,1,0,0,0,0,202,0,0
9302,1,0,1,0,0,0,0,128,0
9302,0,0,0,1,0,0,0,0,382
9302,0,0,0,0,0,0,0,0,0
9303,0,1,0,0,0,0,176,0,0
9303,1,0,1,0,0,0,0,196,0
9303,0,0,0,1,0,1,0,0,382
9303,0,0,0,0,0,0,0,0,0
9304,0,1,0,0,0,0,228,0,0
9304,0,0,1,0,0,0,0,230,0
9304,1,0,0,1,0,0,0,0,344
9304,0,0,0,0,0,0,0,0,0
9305,0,1,0,0,0,0,98,0,0
9305,1,0,1,0,0,0,0,162,0
9305,0,0,0,1,0,1,0,0,306
9305,0,0,0,0,0,0,0,0,0
9306,0,1,0,0,0,0,98,0,0
9306,1,0,1,0,0,0,0,128,0
9306,0,0,0,1,1,0,0,0,420
9306,0,0,0,0,0,0,0,0,0
9307,0,1,0,0,0,0,202,0,0
9307,0,0,1,0,0,0,0,264,0
9307,1,0,0,1,0,1,0,0,344
9307,0,0,0,0,0,0,0,0,0
9308,0,1,0,0,0,0,176,0,0
9308,0,0,1,0,0,0,0,230,0
9308,1,0,0,1,1,0,0,0,268
9308,0,0,0,0,0,0,0,0,0
9309,0,1,0,0,0,0,150,0,0
9309,0,0,1,0,0,0,0,298,0
9309,1,0,0,1,0,0,0,0,306
9309,0,0,0,0,0,0,0,0,0
9401,0,1,0,0,0,0,124,0,0
9401,1,0,1,0,0,0,0,264,0
9401,0,0,0,1,1,0,0,0,458
9401,0,0,0,0,0,0,0,0,0
9402,0,1,0,0,0,0,202,0,0
9402,1,0,1,0,0,0,0,128,0
9402,0,0,0,1,0,0,0,0,382
9402,0,0,0,0,0,0,0,0,0
9403,0,1,0,0,0,0,176,0,0
9403,1,0,1,0,0,0,0,196,0
9403,0,0,0,1,0,1,0,0,382
9403,0,0,0,0,0,0,0,0,0
9404,0,1,0,0,0,0,228,0,0
9404,1,0,1,0,0,0,0,230,0
9404,0,0,0,1,0,0,0,0,344
9404,0,0,0,0,0,0,0,0,0
9405,0,1,0,0,0,0,98,0,0
9405,1,0,1,0,0,0,0,162,0
9405,0,0,0,1,0,1,0,0,306
9405,0,0,0,0,0,0,0,0,0
9406,0,1,0,0,0,0,98,0,0
9406,1,0,1,0,0,0,0,128,0
9406,0,0,0,1,1,0,0,0,420
9406,0,0,0,0,0,0,0,0,0
9407,0,1,0,0,0,0,202,0,0
9407,1,0,1,0,0,0,0,264,0
9407,0,0,0,1,0,1,0,0,344
9407,0,0,0,0,0,0,0,0,0
9408,0,1,0,0,0,0,176,0,0
9408,1,0,1,0,0,0,0,230,0
9408,0,0,0,1,1,0,0,0,268
9408,0,0,0,0,0,0,0,0,0
9409,0,1,0,0,0,0,150,0,0
9409,1,0,1,0,0,0,0,298,0
9409,0,0,0,1,0,0,0,0,306
9409,0,0,0,0,0,0,0,0,0
9501,0,1,0,0,0,0,124,0,0
9501,1,0,1,0,0,0,0,264,0
9501,0,0,0,1,1,0,0,0,458
9501,0,0,0,0,0,0,0,0,0
9502,0,1,0,0,0,0,202,0,0
9502,1,0,1,0,0,0,0,128,0
9502,0,0,0,1,0,0,0,0,382
9502,0,0,0,0,0,0,0,0,0
9503,0,1,0,0,0,0,176,0,0
9503,1,0,1,0,0,0,0,196,0
9503,0,0,0,1,0,1,0,0,382
9503,0,0,0,0,0,0,0,0,0
9504,0,1,0,0,0,0,228,0,0
9504,1,0,1,0,0,0,0,230,0
9504,0,0,0,1,0,0,0,0,344
9504,0,0,0,0,0,0,0,0,0
9505,0,1,0,0,0,0,98,0,0
9505,1,0,1,0,0,0,0,162,0
9505,0,0,0,1,0,1,0,0,306
9505,0,0,0,0,0,0,0,0,0
9506,0,1,0,0,0,0,98,0,0
9506,1,0,1,0,0,0,0,128,0
9506,0,0,0,1,1,0,0,0,420
9506,0,0,0,0,0,0,0,0,0
9507,0,1,0,0,0,0,202,0,0
9507,1,0,1,0,0,0,0,264,0
9507,0,0,0,1,0,1,0,0,344
9507,0,0,0,0,0,0,0,0,0
9508,0,1,0,0,0,0,176,0,0
9508,0,0,1,0,0,0,0,230,0
9508,1,0,0,1,1,0,0,0,268
9508,0,0,0,0,0,0,0,0,0
9509,0,1,0,0,0,0,150,0,0
9509,0,0,1,0,0,0,0,298,0
9509,1,0,0,1,0,0,0,0,306
9509,0,0,0,0,0,0,0,0,0
9601,1,1,0,0,0,0,124,0,0
9601,0,0,1,0,0,0,0,264,0
9601,0,0,0,1,1,0,0,0,458
9601,0,0,0,0,0,0,0,0,0
9602,1,1,0,0,0,0,202,0,0
9602,0,0,1,0,0,0,0,128,0
9602,0,0,0,1,0,0,0,0,382
9602,0,0,0,0,0,0,0,0,0
9603,1,1,0,0,0,0,176,0,0
9603,0,0,1,0,0,0,0,196,0
9603,0,0,0,1,0,1,0,0,382
9603,0,0,0,0,0,0,0,0,0
9604,1,1,0,0,0,0,228,0,0
9604,0,0,1,0,0,0,0,230,0
9604,0,0,0,1,0,0,0,0,344
9604,0,0,0,0,0,0,0,0,0
9605,1,1,0,0,0,0,98,0,0
9605,0,0,1,0,0,0,0,162,0
9605,0,0,0,1,0,1,0,0,306
9605,0,0,0,0,0,0,0,0,0
9606,1,1,0,0,0,0,98,0,0
9606,0,0,1,0,0,0,0,128,0
9606,0,0,0,1,1,0,0,0,420
9606,0,0,0,0,0,0,0,0,0
9607,1,1,0,0,0,0,202,0,0
9607,0,0,1,0,0,0,0,264,0
9607,0,0,0,1,0,1,0,0,344
9607,0,0,0,0,0,0,0,0,0
9608,1,1,0,0,0,0,176,0,0
9608,0,0,1,0,0,0,0,230,0
9608,0,0,0,1,1,0,0,0,268
9608,0,0,0,0,0,0,0,0,0
9609,1,1,0,0,0,0,150,0,0
9609,0,0,1,0,0,0,0,298,0
9609,0,0,0,1,0,0,0,0,306
9609,0,0,0,0,0,0,0,0,0
9701,0,1,0,0,0,0,124,0,0
9701,0,0,1,0,0,0,0,264,0
9701,1,0,0,1,1,0,0,0,458
9701,0,0,0,0,0,0,0,0,0
9702,0,1,0,0,0,0,202,0,0
9702,0,0,1,0,0,0,0,128,0
9702,1,0,0,1,0,0,0,0,382
9702,0,0,0,0,0,0,0,0,0
9703,0,1,0,0,0,0,176,0,0
9703,0,0,1,0,0,0,0,196,0
9703,1,0,0,1,0,1,0,0,382
9703,0,0,0,0,0,0,0,0,0
9704,0,1,0,0,0,0,228,0,0
9704,0,0,1,0,0,0,0,230,0
9704,1,0,0,1,0,0,0,0,344
9704,0,0,0,0,0,0,0,0,0
9705,0,1,0,0,0,0,98,0,0
9705,0,0,1,0,0,0,0,162,0
9705,1,0,0,1,0,1,0,0,306
9705,0,0,0,0,0,0,0,0,0
9706,0,1,0,0,0,0,98,0,0
9706,0,0,1,0,0,0,0,128,0
9706,1,0,0,1,1,0,0,0,420
9706,0,0,0,0,0,0,0,0,0
9707,0,1,0,0,0,0,202,0,0
9707,0,0,1,0,0,0,0,264,0
9707,1,0,0,1,0,1,0,0,344
9707,0,0,0,0,0,0,0,0,0
9708,0,1,0,0,0,0,176,0,0
9708,0,0,1,0,0,0,0,230,0
9708,1,0,0,1,1,0,0,0,268
9708,0,0,0,0,0,0,0,0,0
9709,0,1,0,0,0,0,150,0,0
9709,0,0,1,0,0,0,0,298,0
9709,1,0,0,1,0,0,0,0,306
9709,0,0,0,0,0,0,0,0,0
9801,0,1,0,0,0,0,124,0,0
9801,1,0,1,0,0,0,0,264,0
9801,0,0,0,1,1,0,0,0,458
9801,0,0,0,0,0,0,0,0,0
9802,0,1,0,0,0,0,202,0,0
9802,1,0,1,0,0,0,0,128,0
9802,0,0,0,1,0,0,0,0,382
9802,0,0,0,0,0,0,0,0,0
9803,0,1,0,0,0,0,176,0,0
9803,1,0,1,0,0,0,0,196,0
9803,0,0,0,1,0,1,0,0,382
9803,0,0,0,0,0,0,0,0,0
9804,0,1,0,0,0,0,228,0,0
9804,1,0,1,0,0,0,0,230,0
9804,0,0,0,1,0,0,0,0,344
9804,0,0,0,0,0,0,0,0,0
9805,0,1,0,0,0,0,98,0,0
9805,1,0,1,0,0,0,0,162,0
9805,0,0,0,1,0,1,0,0,306
9805,0,0,0,0,0,0,0,0,0
9806,0,1,0,0,0,0,98,0,0
9806,1,0,1,0,0,0,0,128,0
9806,0,0,0,1,1,0,0,0,420
9806,0,0,0,0,0,0,0,0,0
9807,0,1,0,0,0,0,202,0,0
9807,0,0,1,0,0,0,0,264,0
9807,0,0,0,1,0,1,0,0,344
9807,1,0,0,0,0,0,0,0,0
9808,0,1,0,0,0,0,176,0,0
9808,0,0,1,0,0,0,0,230,0
9808,0,0,0,1,1,0,0,0,268
9808,1,0,0,0,0,0,0,0,0
9809,0,1,0,0,0,0,150,0,0
9809,0,0,1,0,0,0,0,298,0
9809,0,0,0,1,0,0,0,0,306
9809,1,0,0,0,0,0,0,0,0
9901,1,1,0,0,0,0,124,0,0
9901,0,0,1,0,0,0,0,264,0
9901,0,0,0,1,1,0,0,0,458
9901,0,0,0,0,0,0,0,0,0
9902,0,1,0,0,0,0,202,0,0
9902,1,0,1,0,0,0,0,128,0
9902,0,0,0,1,0,0,0,0,382
9902,0,0,0,0,0,0,0,0,0
9903,1,1,0,0,0,0,176,0,0
9903,0,0,1,0,0,0,0,196,0
9903,0,0,0,1,0,1,0,0,382
9903,0,0,0,0,0,0,0,0,0
9904,1,1,0,0,0,0,228,0,0
9904,0,0,1,0,0,0,0,230,0
9904,0,0,0,1,0,0,0,0,344
9904,0,0,0,0,0,0,0,0,0
9905,1,1,0,0,0,0,98,0,0
9905,0,0,1,0,0,0,0,162,0
9905,0,0,0,1,0,1,0,0,306
9905,0,0,0,0,0,0,0,0,0
9906,1,1,0,0,0,0,98,0,0
9906,0,0,1,0,0,0,0,128,0
9906,0,0,0,1,1,0,0,0,420
9906,0,0,0,0,0,0,0,0,0
9907,1,1,0,0,0,0,202,0,0
9907,0,0,1,0,0,0,0,264,0
9907,0,0,0,1,0,1,0,0,344
9907,0,0,0,0,0,0,0,0,0
9908,1,1,0,0,0,0,176,0,0
9908,0,0,1,0,0,0,0,230,0
9908,0,0,0,1,1,0,0,0,268
9908,0,0,0,0,0,0,0,0,0
9909,1,1,0,0,0,0,150,0,0
9909,0,0,1,0,0,0,0,298,0
9909,0,0,0,1,0,0,0,0,306
9909,0,0,0,0,0,0,0,0,0
10001,0,1,0,0,0,0,124,0,0
10001,0,0,1,0,0,0,0,264,0
10001,1,0,0,1,1,0,0,0,458
10001,0,0,0,0,0,0,0,0,0
10002,0,1,0,0,0,0,202,0,0
10002,0,0,1,0,0,0,0,128,0
10002,1,0,0,1,0,0,0,0,382
10002,0,0,0,0,0,0,0,0,0
10003,0,1,0,0,0,0,176,0,0
10003,0,0,1,0,0,0,0,196,0
10003,1,0,0,1,0,1,0,0,382
10003,0,0,0,0,0,0,0,0,0
10004,0,1,0,0,0,0,228,0,0
10004,0,0,1,0,0,0,0,230,0
10004,1,0,0,1,0,0,0,0,344
10004,0,0,0,0,0,0,0,0,0
10005,0,1,0,0,0,0,98,0,0
10005,0,0,1,0,0,0,0,162,0
10005,1,0,0,1,0,1,0,0,306
10005,0,0,0,0,0,0,0,0,0
10006,0,1,0,0,0,0,98,0,0
10006,1,0,1,0,0,0,0,128,0
10006,0,0,0,1,1,0,0,0,420
10006,0,0,0,0,0,0,0,0,0
10007,0,1,0,0,0,0,202,0,0
10007,0,0,1,0,0,0,0,264,0
10007,1,0,0,1,0,1,0,0,344
10007,0,0,0,0,0,0,0,0,0
10008,0,1,0,0,0,0,176,0,0
10008,0,0,1,0,0,0,0,230,0
10008,1,0,0,1,1,0,0,0,268
10008,0,0,0,0,0,0,0,0,0
10009,0,1,0,0,0,0,150,0,0
10009,0,0,1,0,0,0,0,298,0
10009,1,0,0,1,0,0,0,0,306
10009,0,0,0,0,0,0,0,0,0
